Date,Low,Volume,Price,Chg%,High,Open
2016-03-21,1345.5,198830,1367.47,0.0183,1374.5,1345.5
2016-03-22,1362.5,241610,1375.75,0.0060999999999999,1389.95,1368.0
2016-03-23,1352.65,216970,1362.65,-0.0095,1381.05,1377.58
2016-03-28,1300.62,564340,1312.8,-0.0366,1380.0,1372.78
2016-03-29,1259.53,391990,1291.58,-0.0162,1312.5,1307.5
2016-03-30,1295.08,523350,1319.25,0.0214,1324.5,1309.75
2016-03-31,1307.75,692930,1343.25,0.0182,1352.45,1312.7
2016-04-01,1330.75,353070,1339.53,-0.0028,1358.95,1330.75
2016-04-04,1325.0,368800,1329.6,-0.0074,1351.78,1350.0
2016-04-05,1303.58,428200,1320.67,-0.0067,1328.12,1325.0
2016-04-06,1320.67,967300,1353.6,0.0249,1361.97,1320.67
2016-04-07,1339.55,204210,1350.58,-0.0022,1360.53,1355.05
2016-04-08,1340.55,276710,1343.4,-0.0053,1357.75,1345.5
2016-04-11,1322.5,430040,1328.47,-0.0111,1353.83,1348.4
2016-04-12,1325.1,705890,1352.88,0.0184,1369.2,1342.5
2016-04-13,1354.3,520830,1380.55,0.0204999999999999,1392.5,1354.3
2016-04-18,1385.25,617240,1425.33,0.0324,1428.0,1385.25
2016-04-20,1413.75,626890,1422.65,-0.0019,1443.92,1422.5
2016-04-21,1390.0,355370,1393.92,-0.0202,1435.0,1423.85
2016-04-22,1394.38,289740,1411.3,0.0125,1415.0,1396.5
2016-04-25,1400.0,342510,1408.55,-0.0019,1418.5,1406.5
2016-04-26,1398.1,271580,1418.65,0.0072,1424.0,1410.03
2016-04-27,1415.3,334870,1430.7,0.0085,1437.97,1415.3
2016-04-28,1406.0,808750,1412.78,-0.0125,1459.0,1437.5
2016-04-29,1413.0,282590,1431.3,0.0131,1448.0,1413.5
2016-05-02,1417.5,148640,1429.2,-0.0015,1435.97,1428.0
2016-05-03,1417.5,439890,1423.55,-0.004,1449.95,1430.7
2016-05-04,1401.97,228920,1408.88,-0.0103,1428.95,1423.5
2016-05-05,1405.05,113140,1410.72,0.0013,1426.0,1408.5
2016-05-06,1406.0,127560,1408.65,-0.0015,1423.5,1414.0
2016-05-09,1400.0,560450,1406.88,-0.0013,1419.5,1419.5
2016-05-10,1407.55,231400,1410.45,0.0025,1431.5,1407.55
2016-05-11,1395.47,196200,1423.72,0.0093999999999999,1429.45,1405.0
2016-05-12,1420.0,519270,1468.22,0.0313,1475.0,1433.5
2016-05-13,1462.8,539450,1477.0,0.006,1488.5,1467.5
2016-05-16,1451.6,292500,1467.78,-0.0062,1489.47,1482.0
2016-05-17,1471.1,471340,1502.83,0.0239,1508.95,1471.1
2016-05-18,1484.0,362640,1485.8,-0.0113,1502.0,1501.97
2016-05-19,1488.05,313490,1497.97,0.0081999999999999,1507.5,1489.97
2016-05-20,1455.0,404470,1465.35,-0.0218,1517.53,1504.95
2016-05-23,1330.5,1520000,1341.25,-0.0847,1425.0,1425.0
2016-05-24,1305.0,1130000,1327.03,-0.0106,1375.0,1341.25
2016-05-25,1328.75,708390,1375.72,0.0366999999999999,1382.5,1330.35
2016-05-26,1364.03,719340,1372.2,-0.0026,1397.5,1378.4
2016-05-27,1350.55,1030000,1359.65,-0.0091,1380.92,1379.5
2016-05-30,1360.0,221880,1373.03,0.0098,1379.0,1360.0
2016-05-31,1345.47,548770,1353.1,-0.0144999999999999,1379.5,1374.0
2016-06-01,1362.6,961920,1382.55,0.0218,1396.2,1370.0
2016-06-02,1380.28,372480,1399.75,0.0124,1411.15,1384.97
2016-06-03,1378.03,333630,1381.67,-0.0129,1402.3,1400.0
2016-06-06,1367.58,204050,1386.92,0.0038,1394.25,1382.5
2016-06-07,1388.5,803050,1397.58,0.0077,1405.0,1388.5
2016-06-08,1380.03,260920,1385.2,-0.0089,1403.5,1390.08
2016-06-09,1376.03,394970,1380.62,-0.0033,1397.75,1385.0
2016-06-10,1362.03,184010,1364.62,-0.0116,1387.0,1387.0
2016-06-13,1330.0,222100,1339.1,-0.0187,1358.0,1358.0
2016-06-14,1333.75,216540,1340.58,0.0011,1348.25,1338.0
2016-06-15,1335.62,219820,1341.3,0.0005,1349.5,1349.5
2016-06-16,1336.03,201040,1343.45,0.0016,1348.1,1340.0
2016-06-17,1318.4,570480,1319.8,-0.0176,1349.25,1345.0
2016-06-20,1293.75,361260,1311.1,-0.0066,1316.0,1312.5
2016-06-21,1280.15,917580,1282.42,-0.0219,1303.5,1297.5
2016-06-22,1280.55,587520,1306.85,0.019,1310.0,1284.2
2016-06-23,1304.65,326750,1312.72,0.0045,1321.0,1309.0
2016-06-24,1259.55,295180,1316.47,0.0029,1322.2,1290.0
2016-06-27,1312.65,340510,1341.65,0.0191,1347.97,1317.5
2016-06-28,1340.03,446180,1374.08,0.0242,1376.8,1343.5
2016-06-29,1353.38,280750,1385.7,0.0085,1389.05,1374.9
2016-06-30,1365.5,744740,1379.47,-0.0045,1394.72,1389.95
2016-07-01,1375.78,433850,1404.15,0.0179,1408.55,1376.88
2016-07-04,1408.17,293930,1420.45,0.0116,1425.0,1419.0
2016-07-05,1405.0,151090,1418.12,-0.0016,1430.0,1417.5
2016-07-07,1401.0,253010,1404.58,-0.0095,1420.0,1415.0
2016-07-08,1396.2,191400,1402.53,-0.0015,1418.0,1404.58
2016-07-11,1408.8,357570,1429.62,0.0192999999999999,1434.22,1409.0
2016-07-12,1421.88,348980,1428.6,-0.0007,1454.28,1437.0
2016-07-13,1414.95,258709,1433.8,0.0036,1442.9,1434.0
2016-07-14,1427.47,263180,1429.88,-0.0027,1446.5,1445.0
2016-07-15,1405.6,201540,1410.3,-0.0137,1438.33,1430.0
2016-07-18,1404.47,193180,1408.15,-0.0015,1424.35,1418.53
2016-07-19,1376.67,462540,1380.03,-0.02,1413.97,1410.1
2016-07-20,1380.0,177580,1404.72,0.0179,1409.0,1387.45
2016-07-21,1395.0,291870,1407.38,0.0019,1420.0,1407.4
2016-07-22,1404.0,359140,1425.45,0.0128,1427.97,1408.0
2016-07-25,1415.15,238940,1425.2,-0.0002,1436.85,1425.0
2016-07-26,1405.5,285700,1411.9,-0.0093,1428.3,1425.2
2016-07-27,1397.5,210410,1406.4,-0.0039,1424.0,1424.0
2016-07-28,1405.1,488140,1432.65,0.0187,1447.0,1407.5
2016-07-29,1421.55,431340,1466.9,0.0239,1472.1,1422.0
2016-08-01,1425.5,342680,1441.1,-0.0176,1496.95,1473.95
2016-08-02,1435.85,185460,1440.35,-0.0005,1456.0,1453.5
2016-08-03,1410.03,363710,1415.22,-0.0174,1449.0,1449.0
2016-08-04,1405.97,395460,1440.42,0.0178,1446.5,1425.0
2016-08-05,1424.47,246050,1442.3,0.0013,1450.4,1440.0
2016-08-08,1440.05,3160000,1576.08,0.0928,1658.62,1441.95
2016-08-09,1544.1,792590,1564.22,-0.0075,1586.0,1575.0
2016-08-10,1530.1,341640,1551.67,-0.008,1565.83,1564.5
2016-08-11,1557.4,1530000,1618.45,0.043,1638.5,1560.0
2016-08-12,1594.22,714060,1642.55,0.0149,1657.5,1614.95
2016-08-16,1625.0,338170,1636.03,-0.004,1670.0,1649.05
2016-08-17,1632.5,524620,1668.35,0.0197999999999999,1679.12,1632.5
2016-08-18,1652.53,304790,1664.78,-0.0021,1685.0,1670.0
2016-08-19,1658.25,243240,1675.22,0.0063,1685.0,1665.0
2016-08-22,1672.12,320090,1684.62,0.0056,1696.45,1675.0
2016-08-23,1670.0,148400,1680.67,-0.0023,1689.0,1684.0
2016-08-24,1670.0,683700,1716.47,0.0213,1742.0,1684.5
2016-08-25,1721.58,742680,1732.15,0.0091,1749.5,1723.5
2016-08-26,1696.03,287810,1718.85,-0.0077,1742.35,1742.35
2016-08-29,1695.0,147830,1703.17,-0.0091,1724.5,1703.0
2016-08-30,1705.0,149210,1721.6,0.0108,1736.0,1705.0
2016-08-31,1710.0,289590,1730.28,0.005,1742.97,1721.1
2016-09-01,1700.1,177450,1704.67,-0.0148,1733.0,1733.0
2016-09-02,1671.0,291320,1677.47,-0.016,1718.47,1700.5
2016-09-06,1672.17,350720,1728.55,0.0305,1732.0,1687.5
2016-09-07,1701.0,399160,1744.47,0.0092,1751.75,1701.0
2016-09-08,1725.0,215840,1736.05,-0.0048,1744.22,1733.5
2016-09-09,1722.5,153740,1727.53,-0.0049,1750.0,1750.0
2016-09-12,1685.0,235320,1713.97,-0.0078,1724.95,1700.0
2016-09-14,1713.42,437530,1769.95,0.0327,1775.0,1713.5
2016-09-15,1762.5,306490,1765.8,-0.0023,1792.12,1774.97
2016-09-16,1726.7,312600,1737.75,-0.0159,1781.0,1770.0
2016-09-19,1700.0,348160,1705.8,-0.0184,1743.0,1737.75
2016-09-20,1699.5,295490,1705.25,-0.0003,1725.47,1708.0
2016-09-21,1678.6,363440,1699.05,-0.0036,1722.5,1705.5
2016-09-22,1688.03,499370,1700.47,0.0008,1717.5,1709.5
2016-09-23,1687.9,325010,1710.55,0.0059,1730.0,1714.45
2016-09-26,1698.42,311480,1708.53,-0.0012,1724.58,1722.5
2016-09-27,1705.92,174650,1715.62,0.0040999999999999,1728.0,1711.05
2016-09-28,1695.45,252330,1702.1,-0.0079,1728.0,1714.9
2016-09-29,1599.85,336340,1642.78,-0.0349,1717.5,1715.0
2016-09-30,1625.03,240410,1682.0,0.0239,1693.65,1640.0
2016-10-03,1690.0,259360,1742.78,0.0361,1761.0,1698.92
2016-10-04,1718.12,185640,1737.67,-0.0029,1742.5,1742.0
2016-10-05,1720.25,412630,1730.25,-0.0043,1753.0,1740.0
2016-10-06,1720.9,118930,1733.5,0.0019,1748.97,1744.95
2016-10-07,1689.92,337560,1693.33,-0.0232,1737.5,1733.5
2016-10-10,1685.3,109500,1688.4,-0.0029,1705.38,1695.0
2016-10-13,1644.5,322640,1662.72,-0.0152,1684.5,1684.5
2016-10-14,1647.5,141350,1665.38,0.0016,1677.0,1677.0
2016-10-17,1643.83,216880,1653.2,-0.0073,1667.72,1667.65
2016-10-18,1622.5,278540,1632.3,-0.0126,1660.3,1653.25
2016-10-19,1640.0,347490,1658.45,0.016,1675.0,1641.95
2016-10-20,1650.5,242760,1656.58,-0.0011,1677.5,1658.5
2016-10-21,1652.25,127030,1655.35,-0.0007,1672.5,1667.5
2016-10-24,1635.15,146430,1653.95,-0.0008,1664.78,1635.15
2016-10-25,1639.97,182190,1647.67,-0.0038,1661.33,1654.2
2016-10-26,1625.35,175920,1632.9,-0.009,1654.42,1645.0
2016-10-27,1597.5,434050,1606.05,-0.0163999999999999,1634.58,1625.0
2016-10-28,1615.88,215910,1655.97,0.0311,1664.5,1617.0
2016-10-30,1650.58,25230,1657.85,0.0011,1664.0,1655.97
2016-11-01,1633.97,257190,1665.28,0.0045,1670.0,1657.5
2016-11-02,1635.5,236000,1651.3,-0.0084,1656.97,1639.0
2016-11-03,1626.03,258320,1650.75,-0.0003,1662.75,1651.3
2016-11-04,1611.0,455150,1651.0,0.0002,1690.0,1650.0
2016-11-07,1642.5,421830,1651.28,0.0002,1674.0,1664.5
2016-11-08,1607.78,906760,1617.78,-0.0203,1650.85,1639.0
2016-11-09,1464.5,451680,1562.1,-0.0344,1595.85,1550.0
2016-11-10,1584.62,274550,1602.08,0.0256,1620.92,1607.5
2016-11-11,1515.25,432080,1539.67,-0.039,1594.92,1594.92
2016-11-15,1390.6,1160000,1464.67,-0.0487,1532.0,1532.0
2016-11-16,1463.17,470300,1495.5,0.021,1530.0,1475.0
2016-11-17,1460.0,405500,1467.53,-0.0187,1510.0,1510.0
2016-11-18,1435.53,581400,1451.3,-0.0111,1462.5,1460.5
2016-11-21,1438.05,182360,1447.15,-0.0029,1464.08,1452.5
2016-11-22,1425.97,354480,1453.03,0.0040999999999999,1460.0,1453.05
2016-11-23,1447.5,259000,1483.88,0.0212,1488.0,1469.5
2016-11-24,1458.0,310140,1471.28,-0.0085,1494.0,1479.0
2016-11-25,1460.53,175760,1481.0,0.0066,1487.22,1484.97
2016-11-28,1464.08,178030,1485.25,0.0029,1495.55,1479.97
2016-11-29,1486.0,208310,1502.72,0.0118,1519.2,1493.5
2016-11-30,1475.6,474740,1516.45,0.0091,1536.97,1505.0
2016-12-01,1498.0,188980,1501.67,-0.0097,1531.97,1518.03
2016-12-02,1482.42,339410,1488.4,-0.0088,1507.5,1497.4
2016-12-05,1490.0,217160,1533.2,0.0301,1541.4,1490.0
2016-12-06,1498.55,179310,1502.22,-0.0202,1537.0,1534.8
2016-12-07,1491.0,235240,1497.38,-0.0032,1522.3,1509.0
2016-12-08,1500.5,169390,1519.38,0.0147,1534.0,1506.5
2016-12-09,1510.55,635440,1512.67,-0.0044,1531.4,1520.95
2016-12-12,1485.05,274720,1488.53,-0.016,1514.25,1512.75
2016-12-13,1462.47,384090,1469.33,-0.0129,1498.92,1498.92
2016-12-14,1467.5,233770,1470.83,0.001,1484.0,1470.0
2016-12-15,1453.75,216560,1460.1,-0.0073,1477.0,1466.0
2016-12-16,1440.95,388160,1447.65,-0.0085,1469.08,1461.62
2016-12-19,1432.75,220010,1449.8,0.0015,1457.38,1450.0
2016-12-20,1433.0,401090,1436.05,-0.0095,1454.9,1451.0
2016-12-21,1413.9,401740,1423.85,-0.0085,1449.5,1436.05
2016-12-22,1399.92,185180,1405.33,-0.013,1424.62,1420.0
2016-12-23,1386.42,182740,1415.6,0.0073,1420.58,1405.03
2016-12-26,1390.0,136000,1403.65,-0.0084,1415.7,1414.95
2016-12-27,1390.78,157350,1413.42,0.0069999999999999,1428.42,1405.12
2016-12-28,1415.0,247110,1419.8,0.0045,1444.0,1415.0
2016-12-29,1414.45,180290,1441.58,0.0153,1449.0,1417.5
2016-12-30,1435.0,220670,1443.15,0.0011,1461.0,1452.5
2017-01-02,1432.58,104490,1443.22,0.0,1450.55,1450.55
2017-01-03,1425.6,255190,1436.12,-0.0049,1445.0,1443.5
2017-01-04,1415.22,273360,1426.2,-0.0069,1445.0,1445.0
2017-01-05,1426.3,232670,1432.9,0.0046999999999999,1437.5,1431.0
2017-01-06,1422.9,795440,1447.47,0.0102,1457.5,1432.5
2017-01-09,1437.78,344360,1448.95,0.001,1461.15,1460.0
2017-01-10,1437.97,546120,1440.4,-0.0059,1451.5,1449.5
2017-01-11,1442.5,691720,1485.05,0.031,1492.5,1442.5
2017-01-12,1459.2,260100,1473.9,-0.0075,1497.47,1492.47
2017-01-13,1462.5,208660,1470.0,-0.0026,1492.5,1484.5
2017-01-16,1461.5,213010,1482.88,0.0088,1489.9,1467.5
2017-01-17,1477.55,329500,1506.78,0.0161,1510.1,1484.35
2017-01-18,1507.45,539230,1545.78,0.0259,1549.35,1509.0
2017-01-19,1533.38,515150,1553.97,0.0053,1577.5,1545.5
2017-01-20,1532.05,225990,1539.15,-0.0095,1567.55,1558.95
2017-01-23,1532.6,144080,1546.55,0.0048,1557.5,1532.6
2017-01-24,1540.83,303690,1574.17,0.0179,1575.25,1548.15
2017-01-25,1549.0,190020,1567.45,-0.0043,1574.0,1562.5
2017-01-27,1545.5,269430,1551.47,-0.0102,1581.0,1567.0
2017-01-30,1550.1,260540,1572.85,0.0138,1575.7,1564.0
2017-01-31,1554.5,309880,1565.22,-0.0049,1575.0,1575.0
2017-02-01,1556.38,422570,1617.38,0.0333,1624.9,1566.85
2017-02-02,1594.85,461790,1615.5,-0.0012,1627.33,1620.0
2017-02-03,1605.0,271330,1615.42,-0.0,1636.92,1611.55
2017-02-06,1615.42,268300,1642.5,0.0168,1647.2,1615.42
2017-02-07,1605.0,227650,1615.3,-0.0166,1645.0,1645.0
2017-02-08,1596.03,258160,1616.5,0.0007,1633.1,1615.42
2017-02-09,1602.65,225520,1612.97,-0.0022,1627.33,1614.15
2017-02-10,1611.62,422210,1619.67,0.0042,1635.0,1615.5
2017-02-13,1611.05,403910,1635.85,0.01,1648.0,1622.5
2017-02-14,1605.1,376840,1612.22,-0.0144,1640.0,1640.0
2017-02-15,1585.5,272680,1597.17,-0.0093,1621.5,1616.5
2017-02-16,1591.38,159890,1615.38,0.0113999999999999,1619.2,1595.0
2017-02-17,1602.78,314860,1623.88,0.0053,1627.4,1619.55
2017-02-20,1618.03,114270,1628.45,0.0028,1633.62,1631.0
2017-02-21,1607.6,196130,1619.53,-0.0055,1637.75,1633.35
2017-02-22,1613.42,230530,1619.35,-0.0001,1632.0,1621.0
2017-02-23,1606.78,420850,1613.5,-0.0036,1639.47,1621.03
2017-02-27,1609.42,261070,1629.55,0.0098999999999999,1634.45,1615.5
2017-02-28,1606.15,191910,1614.7,-0.0091,1629.5,1627.55
2017-03-01,1587.5,203810,1590.5,-0.015,1629.97,1616.0
2017-03-02,1551.35,381920,1557.08,-0.021,1608.75,1600.0
2017-03-03,1533.22,466080,1548.38,-0.0056,1572.85,1561.5
2017-03-06,1529.7,319000,1543.0,-0.0034999999999999,1558.22,1556.0
2017-03-07,1527.6,367250,1529.58,-0.0087,1552.5,1552.5
2017-03-08,1522.65,526950,1542.7,0.0086,1554.0,1532.5
2017-03-09,1531.5,224430,1539.3,-0.0022,1549.95,1543.0
2017-03-10,1538.5,274980,1561.25,0.0143,1565.5,1542.55
2017-03-14,1568.22,267270,1588.38,0.0174,1595.28,1576.9
2017-03-15,1567.75,224210,1595.12,0.0042,1600.0,1590.03
2017-03-16,1598.17,225370,1612.53,0.0109,1619.1,1598.5
2017-03-17,1607.5,176810,1623.78,0.0069999999999999,1627.45,1612.5
2017-03-20,1620.0,110940,1625.88,0.0013,1632.17,1626.2
2017-03-21,1620.0,792900,1647.17,0.0131,1660.5,1620.0
2017-03-22,1631.0,440160,1662.88,0.0095,1672.88,1631.0
2017-03-23,1639.95,188330,1647.88,-0.009,1677.17,1663.5
2017-03-24,1641.53,141280,1649.08,0.0007,1660.5,1649.58
2017-03-27,1646.08,154350,1652.05,0.0018,1665.0,1650.0
2017-03-28,1652.2,201090,1669.78,0.0107,1683.42,1654.85
2017-03-29,1663.45,304570,1695.7,0.0155,1707.75,1671.65
2017-03-30,1690.3,1960000,1697.58,0.0011,1711.25,1691.0
2017-03-31,1665.53,396950,1687.0,-0.0062,1716.47,1690.0
2017-04-03,1636.4,188620,1695.85,0.0052,1711.05,1688.5
2017-04-05,1675.0,391350,1687.95,-0.0046999999999999,1700.78,1698.5
2017-04-06,1673.72,226510,1678.58,-0.0056,1697.22,1687.95
2017-04-07,1670.0,103410,1678.72,0.0001,1688.65,1675.0
2017-04-10,1675.0,136540,1708.42,0.0177,1712.5,1677.5
2017-04-11,1691.1,187740,1701.4,-0.0040999999999999,1726.88,1709.85
2017-04-12,1688.9,334880,1724.5,0.0136,1730.05,1690.0
2017-04-13,1695.5,122000,1701.9,-0.0131,1726.3,1725.0
2017-04-17,1686.28,91100,1692.65,-0.0054,1702.9,1701.72
2017-04-18,1676.9,226600,1684.25,-0.005,1708.03,1685.33
2017-04-19,1669.6,185990,1715.62,0.0186,1723.72,1682.53
2017-04-20,1684.1,134520,1689.67,-0.0151,1720.0,1718.45
2017-04-21,1684.0,167550,1688.28,-0.0008,1703.83,1691.05
2017-04-24,1680.0,80630,1694.08,0.0034,1697.9,1680.0
2017-04-25,1693.67,274920,1738.72,0.0264,1744.5,1699.0
2017-04-26,1730.0,625870,1776.7,0.0218,1799.0,1745.0
2017-04-27,1723.4,352270,1777.53,0.0005,1804.5,1775.0
2017-04-28,1774.12,329720,1812.28,0.0195,1819.5,1777.53
2017-05-02,1777.83,187460,1786.97,-0.0139999999999999,1822.2,1805.0
2017-05-03,1756.65,214200,1790.25,0.0018,1815.0,1790.08
2017-05-04,1782.67,239360,1796.05,0.0032,1810.0,1787.47
2017-05-05,1758.22,96250,1764.67,-0.0175,1799.8,1796.05
2017-05-08,1757.03,72910,1771.47,0.0039,1781.97,1770.97
2017-05-09,1759.53,188860,1796.47,0.0141,1801.97,1767.0
2017-05-10,1793.5,669360,1855.65,0.0329,1860.9,1793.5
2017-05-11,1842.6,326900,1854.17,-0.0008,1872.0,1845.0
2017-05-12,1830.9,124620,1852.12,-0.0011,1867.5,1852.5
2017-05-15,1840.03,236790,1870.78,0.0101,1899.75,1852.0
2017-05-16,1853.5,219250,1876.42,0.003,1887.0,1870.78
2017-05-17,1830.0,135120,1834.8,-0.0222,1876.85,1876.0
2017-05-18,1773.05,142010,1777.72,-0.0311,1842.8,1842.8
2017-05-19,1781.5,287470,1791.35,0.0077,1835.0,1799.92
2017-05-22,1801.6,212640,1816.72,0.0141999999999999,1848.5,1810.95
2017-05-23,1790.03,265430,1797.1,-0.0108,1841.95,1827.5
2017-05-24,1735.95,199370,1766.65,-0.0169,1807.92,1802.5
2017-05-25,1725.6,338880,1758.9,-0.0044,1785.0,1785.0
2017-05-26,1701.1,886100,1707.92,-0.0289999999999999,1772.5,1757.0
2017-05-29,1685.75,392340,1709.2,0.0007,1730.0,1704.2
2017-05-30,1689.15,493310,1712.72,0.0021,1725.0,1719.85
2017-05-31,1708.5,419000,1766.33,0.0313,1774.0,1708.5
2017-06-01,1770.0,405620,1802.95,0.0207,1805.5,1792.5
2017-06-02,1780.0,299540,1795.8,-0.004,1832.5,1814.95
2017-06-05,1795.8,502600,1821.65,0.0144,1857.0,1795.8
2017-06-06,1797.92,272080,1813.67,-0.0044,1836.0,1826.85
2017-06-07,1800.1,259420,1821.8,0.0045,1837.5,1818.8
2017-06-08,1810.33,90780,1819.65,-0.0012,1829.5,1821.8
2017-06-09,1820.62,290830,1836.5,0.0093,1849.5,1824.0
2017-06-12,1807.0,162420,1813.33,-0.0126,1853.2,1832.5
2017-06-13,1802.5,106040,1813.05,-0.0002,1824.38,1824.38
2017-06-14,1790.25,100490,1806.78,-0.0034999999999999,1823.0,1823.0
2017-06-15,1777.12,175760,1782.4,-0.0135,1815.0,1810.0
2017-06-16,1761.5,279670,1784.47,0.0012,1789.0,1782.4
2017-06-19,1785.0,117850,1796.12,0.0065,1811.78,1785.0
2017-06-20,1784.5,181610,1791.9,-0.0023,1809.35,1789.42
2017-06-21,1780.0,178280,1835.15,0.0241,1845.0,1790.0
2017-06-22,1816.25,301570,1820.88,-0.0078,1850.0,1850.0
2017-06-23,1803.25,203430,1824.75,0.0021,1833.8,1820.88
2017-06-27,1806.72,167390,1823.78,-0.0005,1839.3,1839.3
2017-06-28,1795.03,257160,1818.08,-0.0031,1837.8,1822.5
2017-06-29,1800.5,181420,1818.6,0.0003,1848.5,1819.22
2017-06-30,1809.7,479700,1845.03,0.0144999999999999,1855.92,1811.1
2017-07-03,1839.5,148910,1851.88,0.0037,1873.3,1863.0
2017-07-04,1855.05,245560,1874.03,0.012,1883.95,1855.05
2017-07-05,1857.5,226040,1866.72,-0.0039,1884.5,1879.5
2017-07-06,1860.72,246410,1865.7,-0.0005,1875.0,1870.0
2017-07-07,1838.45,239420,1846.17,-0.0105,1860.97,1860.05
2017-07-10,1849.0,34220,1857.97,0.0064,1864.0,1855.22
2017-07-11,1843.53,164310,1848.53,-0.0051,1867.58,1845.3
2017-07-12,1846.0,360400,1851.08,0.0014,1862.35,1848.5
2017-07-13,1852.0,127800,1863.8,0.0069,1881.95,1862.0
2017-07-14,1852.58,77930,1859.6,-0.0023,1867.35,1867.35
2017-07-17,1837.7,108710,1848.85,-0.0058,1866.5,1859.97
2017-07-18,1828.03,131060,1871.47,0.0121999999999999,1879.0,1850.0
2017-07-19,1877.35,525200,1903.1,0.0169,1919.5,1877.35
2017-07-20,1882.5,415900,1895.55,-0.004,1917.5,1902.5
2017-07-21,1895.1,240820,1917.03,0.0113,1922.5,1909.5
2017-07-24,1907.58,203980,1914.72,-0.0012,1934.0,1917.55
2017-07-25,1910.53,195420,1925.25,0.0055,1926.65,1925.0
2017-07-26,1920.15,156290,1925.3,0.0,1931.0,1931.0
2017-07-27,1920.5,280740,1937.95,0.0066,1959.2,1926.0
2017-07-28,1917.6,238960,1953.33,0.0079,1964.17,1937.0
2017-07-31,1939.5,255940,1960.8,0.0038,1978.3,1959.8
2017-08-01,1942.78,228940,1953.75,-0.0036,1979.0,1959.9
2017-08-02,1920.33,321540,1932.05,-0.0111,1964.5,1955.0
2017-08-03,1917.03,149360,1936.97,0.0025,1945.0,1926.2
2017-08-04,1915.0,193840,1958.7,0.0112,1968.75,1915.0
2017-08-07,1950.03,1780000,2053.9,0.0486,2105.93,1959.4
2017-08-08,1990.0,750350,2036.17,-0.0086,2070.57,2058.0
2017-08-09,1996.45,348020,2029.45,-0.0033,2037.45,2034.5
2017-08-10,2014.0,653170,2059.6,0.0149,2116.97,2014.0
2017-08-11,2025.5,297430,2050.97,-0.0042,2078.5,2040.38
2017-08-14,2050.75,198660,2080.0,0.0141999999999999,2103.12,2061.68
2017-08-16,2085.53,589400,2149.97,0.0336,2155.97,2087.5
2017-08-17,2117.5,341410,2125.25,-0.0115,2169.93,2169.5
2017-08-18,2105.53,160610,2125.72,0.0002,2141.97,2105.53
2017-08-21,2106.03,192690,2114.9,-0.0051,2138.7,2118.1
2017-08-22,2090.32,212370,2099.43,-0.0073,2129.47,2122.5
2017-08-23,2078.0,237420,2123.57,0.0115,2133.85,2112.85
2017-08-24,2096.68,246840,2107.05,-0.0078,2137.2,2117.5
2017-08-28,2087.97,300060,2094.15,-0.0060999999999999,2129.43,2125.0
2017-08-29,2071.1,330260,2086.3,-0.0037,2109.62,2090.5
2017-08-30,2090.0,202470,2120.68,0.0165,2131.25,2090.0
2017-08-31,2106.12,269090,2115.47,-0.0025,2136.0,2133.85
2017-09-01,2100.75,192340,2121.97,0.0031,2130.15,2110.0
2017-09-04,2075.5,229530,2109.82,-0.0056999999999999,2129.5,2122.5
2017-09-05,2110.0,274210,2130.3,0.0097,2135.93,2121.0
2017-09-06,2104.5,231280,2123.93,-0.003,2128.5,2115.0
2017-09-07,2122.0,229850,2130.55,0.0031,2147.5,2125.5
2017-09-08,2134.68,278690,2144.12,0.0064,2175.0,2140.5
2017-09-11,2145.0,142190,2148.65,0.0021,2165.0,2145.0
2017-09-12,2151.45,226840,2158.6,0.0046,2169.25,2165.0
2017-09-13,2140.0,185580,2164.97,0.003,2180.0,2162.5
2017-09-14,2156.72,189130,2170.32,0.0025,2174.5,2174.5
2017-09-15,2165.0,279590,2178.5,0.0038,2190.43,2172.5
2017-09-18,2181.15,435430,2194.22,0.0072,2204.5,2189.95
2017-09-19,2161.5,217860,2185.1,-0.0042,2197.5,2185.12
2017-09-20,2170.62,94140,2175.53,-0.0044,2193.47,2185.0
2017-09-21,2153.03,160570,2164.05,-0.0053,2187.0,2187.0
2017-09-22,2127.03,385620,2135.15,-0.0134,2172.85,2152.45
2017-09-25,2116.3,267890,2140.55,0.0025,2159.22,2116.3
2017-09-26,2132.5,211240,2163.0,0.0105,2170.0,2140.65
2017-09-27,2136.47,315850,2150.88,-0.0056,2178.68,2165.95
2017-09-28,2143.0,352830,2169.85,0.0088,2187.5,2143.5
2017-09-29,2162.03,312360,2172.12,0.001,2178.05,2172.5
2017-10-03,2165.0,145810,2170.03,-0.001,2207.5,2207.5
2017-10-04,2165.0,227520,2170.93,0.0004,2199.0,2165.0
2017-10-05,2172.53,148210,2181.82,0.005,2192.5,2192.5
2017-10-06,2163.25,201950,2180.93,-0.0004,2185.0,2181.75
2017-10-09,2161.47,368160,2172.25,-0.004,2196.57,2180.93
2017-10-10,2167.0,174920,2174.3,0.0009,2195.2,2189.5
2017-10-11,2151.15,645590,2187.97,0.0063,2199.5,2176.0
2017-10-12,2194.53,852120,2272.22,0.0385,2289.25,2197.45
2017-10-13,2275.0,711830,2291.1,0.0083,2328.0,2275.0
2017-10-16,2257.55,222750,2270.05,-0.0092,2308.85,2295.07
2017-10-17,2265.0,212610,2307.65,0.0166,2320.0,2265.0
2017-10-18,2302.53,358180,2342.93,0.0153,2362.5,2310.5
2017-10-19,2310.05,29400,2318.12,-0.0106,2362.5,2355.0
2017-10-23,2319.05,242700,2327.6,0.0040999999999999,2373.47,2321.35
2017-10-24,2301.03,145050,2312.93,-0.0063,2344.0,2344.0
2017-10-25,2287.5,307030,2322.12,0.004,2329.95,2324.5
2017-10-26,2293.5,300780,2302.32,-0.0085,2331.78,2313.28
2017-10-27,2285.05,187420,2298.68,-0.0016,2327.3,2304.45
2017-10-30,2300.0,315000,2372.95,0.0323,2383.72,2300.0
2017-10-31,2315.35,238030,2319.75,-0.0224,2385.0,2375.0
2017-11-01,2321.0,271260,2348.62,0.0124,2372.78,2321.0
2017-11-02,2292.4,168100,2329.32,-0.0081999999999999,2361.88,2351.07
2017-11-03,2315.05,115570,2329.05,-0.0001,2354.45,2354.45
2017-11-06,2310.07,240010,2321.53,-0.0032,2350.22,2326.1
2017-11-07,2304.0,408350,2324.5,0.0013,2371.0,2334.0
2017-11-08,2300.1,198650,2326.75,0.001,2343.68,2334.5
2017-11-09,2326.8,345830,2378.97,0.0224,2399.9,2332.5
2017-11-10,2370.5,487210,2436.5,0.0242,2458.9,2389.5
2017-11-13,2343.78,668370,2441.15,0.0019,2463.3,2387.5
2017-11-14,2388.15,558680,2394.18,-0.0192,2457.57,2453.5
2017-11-15,2363.1,195020,2374.88,-0.0081,2412.5,2390.0
2017-11-16,2364.0,258550,2368.35,-0.0027,2408.03,2370.0
2017-11-17,2367.5,398040,2375.03,0.0028,2414.93,2384.5
2017-11-20,2362.18,318360,2381.6,0.0028,2399.5,2388.5
2017-11-21,2384.5,301550,2408.45,0.0113,2421.97,2385.0
2017-11-22,2374.0,242730,2387.57,-0.0087,2418.22,2412.5
2017-11-23,2380.53,143060,2391.18,0.0015,2405.0,2390.72
2017-11-24,2354.28,291790,2371.0,-0.0084,2397.28,2393.03
2017-11-27,2380.38,388640,2398.45,0.0116,2411.97,2384.5
2017-11-28,2390.1,302220,2397.35,-0.0005,2426.85,2406.0
2017-11-29,2392.53,305990,2405.57,0.0034,2415.53,2410.0
2017-11-30,2345.05,6270000,2407.8,0.0009,2441.0,2407.0
2017-12-01,2382.3,331530,2402.97,-0.002,2432.5,2420.53
2017-12-04,2375.0,132580,2381.62,-0.0089,2405.38,2382.5
2017-12-05,2367.65,200320,2380.93,-0.0003,2405.3,2381.62
2017-12-06,2357.62,156710,2380.22,-0.0003,2397.45,2397.45
2017-12-07,2382.53,279800,2461.62,0.0342,2475.0,2385.0
2017-12-08,2418.0,233560,2427.93,-0.0137,2481.95,2474.97
2017-12-11,2418.9,202690,2434.6,0.0027,2474.5,2435.05
2017-12-12,2413.0,131960,2430.05,-0.0019,2454.5,2438.0
2017-12-13,2397.6,146550,2407.43,-0.0093,2436.5,2430.0
2017-12-14,2330.0,359050,2347.43,-0.0249,2423.75,2423.75
2017-12-15,2340.53,255600,2351.8,0.0019,2374.1,2374.1
2017-12-18,2299.2,373040,2349.75,-0.0009,2355.32,2355.32
2017-12-19,2339.15,548370,2378.28,0.0121,2389.72,2357.5
2017-12-20,2357.5,263210,2372.7,-0.0023,2385.0,2385.0
2017-12-21,2353.0,172130,2366.35,-0.0027,2375.0,2365.07
2017-12-22,2367.5,569020,2373.32,0.0029,2412.47,2403.5
2017-12-26,2363.15,142750,2372.8,-0.0002,2387.5,2387.5
2017-12-27,2361.93,188500,2367.57,-0.0022,2375.0,2372.8
2017-12-28,2328.05,395050,2333.03,-0.0146,2370.57,2370.55
2017-12-29,2333.0,263160,2354.62,0.0093,2364.47,2333.03
2018-01-01,2357.6,112320,2369.12,0.0062,2387.0,2375.0
2018-01-02,2322.0,176800,2328.03,-0.0173,2371.12,2369.12
2018-01-03,2328.28,166050,2340.47,0.0053,2354.97,2329.5
2018-01-04,2305.07,334700,2313.2,-0.0116999999999999,2344.45,2329.5
2018-01-05,2307.18,264120,2322.05,0.0038,2339.75,2331.0
2018-01-08,2313.82,176830,2346.88,0.0107,2355.5,2330.0
2018-01-09,2312.43,244280,2320.97,-0.011,2356.68,2350.0
2018-01-10,2315.75,388760,2337.38,0.0070999999999999,2354.5,2328.43
2018-01-11,2316.0,223460,2360.78,0.01,2374.5,2335.0
2018-01-12,2330.68,257269,2354.15,-0.0028,2384.5,2367.5
2018-01-15,2352.5,177460,2359.93,0.0025,2393.0,2354.15
2018-01-16,2300.5,336200,2338.68,-0.009,2386.5,2362.0
2018-01-17,2320.03,205680,2374.9,0.0155,2376.5,2340.0
2018-01-18,2303.0,355850,2315.75,-0.0249,2389.4,2379.85
2018-01-19,2315.0,131190,2342.22,0.0113999999999999,2346.4,2332.5
2018-01-22,2335.0,161800,2353.68,0.0049,2376.0,2337.5
2018-01-23,2324.62,200710,2368.22,0.0062,2380.28,2342.5
2018-01-24,2340.53,160130,2359.62,-0.0036,2377.57,2368.2
2018-01-25,2300.5,796630,2312.8,-0.0197999999999999,2359.6,2359.6
2018-01-29,2303.5,220440,2346.05,0.0144,2355.0,2320.0
2018-01-30,2320.1,258329,2352.8,0.0029,2370.03,2334.5
2018-01-31,2323.6,143770,2342.07,-0.0046,2356.2,2345.0
2018-02-01,2327.93,297690,2370.25,0.012,2380.85,2342.12
2018-02-02,2288.5,374370,2363.22,-0.003,2370.0,2337.75
2018-02-05,2280.0,354840,2308.35,-0.0232,2349.5,2349.5
2018-02-06,2200.0,274270,2265.22,-0.0187,2310.25,2250.0
2018-02-07,2246.53,256579,2275.22,0.0044,2312.5,2307.45
2018-02-08,2257.75,199330,2314.0,0.017,2327.0,2274.93
2018-02-09,2263.03,241480,2320.57,0.0028,2339.9,2263.03
2018-02-12,2335.0,429510,2386.25,0.0283,2395.0,2335.0
2018-02-14,2373.18,699920,2382.07,-0.0018,2437.9,2432.5
2018-02-15,2350.78,165650,2377.88,-0.0018,2408.18,2393.9
2018-02-16,2368.0,165570,2390.97,0.0055,2405.0,2400.5
2018-02-19,2347.95,89960,2366.65,-0.0102,2390.75,2390.75
2018-02-20,2362.5,265360,2367.05,0.0002,2390.0,2364.0
2018-02-21,2369.8,246900,2384.88,0.0075,2393.45,2387.5
2018-02-22,2375.68,424910,2427.93,0.0181,2437.5,2387.0
2018-02-23,2437.55,305410,2480.95,0.0218,2489.5,2450.0
2018-02-26,2472.03,224700,2482.38,0.0006,2499.0,2482.8
2018-02-27,2455.25,427030,2476.12,-0.0025,2532.9,2487.5
2018-02-28,2448.65,180960,2497.12,0.0085,2504.65,2465.0
2018-03-01,2460.0,105070,2471.93,-0.0101,2499.97,2492.5
2018-03-05,2445.7,157470,2451.22,-0.0084,2469.72,2456.0
2018-03-06,2393.53,156360,2412.6,-0.0158,2467.45,2447.5
2018-03-07,2390.0,253840,2442.35,0.0123,2457.5,2412.5
2018-03-08,2411.12,268070,2424.2,-0.0074,2458.75,2452.75
2018-03-09,2412.12,377000,2420.9,-0.0014,2440.0,2434.5
2018-03-12,2410.38,146010,2433.4,0.0052,2447.5,2437.5
2018-03-13,2416.18,218070,2434.97,0.0006,2447.5,2430.28
2018-03-14,2403.0,208790,2411.88,-0.0095,2427.5,2425.12
2018-03-15,2406.2,606400,2434.12,0.0092,2448.0,2421.5
2018-03-16,2420.0,303840,2430.3,-0.0016,2447.5,2434.97
2018-03-19,2401.5,223660,2407.78,-0.0093,2434.97,2431.0
2018-03-20,2403.0,323250,2412.53,0.002,2417.5,2410.0
2018-03-21,2410.0,404660,2417.22,0.0019,2428.0,2410.0
2018-03-22,2410.25,177050,2419.1,0.0008,2435.0,2427.5
2018-03-23,2395.0,273340,2419.82,0.0003,2435.0,2405.5
2018-03-26,2419.47,192500,2429.0,0.0038,2435.0,2420.03
2018-03-27,2431.93,485250,2482.4,0.022,2492.88,2437.5
2018-03-28,2452.1,526030,2485.3,0.0012,2502.0,2482.4
2018-04-02,2487.2,291720,2553.53,0.0275,2558.85,2499.0
2018-04-03,2522.3,214840,2549.9,-0.0014,2559.5,2559.0
2018-04-04,2495.5,268380,2512.2,-0.0148,2542.4,2528.5
2018-04-05,2505.5,204050,2533.93,0.0086,2537.35,2512.5
2018-04-06,2525.0,272780,2589.12,0.0218,2599.97,2544.97
2018-04-09,2568.28,125080,2581.45,-0.003,2603.5,2591.0
2018-04-10,2530.0,148510,2567.12,-0.0056,2588.75,2582.0
2018-04-11,2553.0,87600,2567.68,0.0002,2580.68,2569.95
2018-04-12,2555.0,223380,2581.43,0.0054,2601.5,2566.5
2018-04-13,2579.3,293690,2604.45,0.0089,2618.07,2610.0
2018-04-16,2592.93,191330,2656.18,0.0199,2669.0,2606.45
2018-04-17,2657.12,392790,2671.05,0.0056,2710.22,2668.5
2018-04-18,2660.5,129789,2680.82,0.0037,2694.2,2684.0
2018-04-19,2673.07,129050,2697.9,0.0064,2709.62,2683.5
2018-04-20,2649.75,88070,2661.18,-0.0136,2700.47,2698.0
2018-04-23,2652.22,181690,2656.53,-0.0017,2682.4,2675.0
2018-04-24,2625.55,116200,2648.6,-0.003,2671.55,2665.0
2018-04-25,2638.62,190560,2687.65,0.0147,2726.25,2650.0
2018-04-26,2672.55,184850,2686.7,-0.0004,2706.03,2690.0
2018-04-27,2689.18,176860,2730.38,0.0163,2747.93,2695.0
2018-04-30,2730.0,129500,2756.6,0.0096,2768.22,2731.5
2018-05-02,2704.4,144160,2712.53,-0.016,2782.75,2772.5
2018-05-03,2660.0,152100,2668.55,-0.0162,2730.0,2730.0
2018-05-04,2650.5,225300,2692.25,0.0089,2713.62,2675.0
2018-05-07,2692.25,151630,2736.35,0.0163999999999999,2750.03,2692.25
2018-05-08,2691.62,107510,2722.35,-0.0051,2750.0,2745.0
2018-05-09,2694.55,125670,2700.75,-0.0079,2726.28,2709.5
2018-05-10,2672.75,200290,2693.22,-0.0028,2713.07,2700.22
2018-05-11,2700.0,124230,2738.85,0.0169,2746.2,2700.0
2018-05-14,2706.6,80050,2732.05,-0.0025,2755.0,2755.0
2018-05-15,2708.15,277740,2727.4,-0.0017,2753.85,2750.0
2018-05-16,2667.82,478000,2771.1,0.016,2792.5,2715.0
2018-05-17,2720.53,266520,2738.38,-0.0118,2785.0,2775.0
2018-05-18,2740.12,306420,2798.53,0.022,2820.0,2754.5
2018-05-21,2739.45,222480,2760.8,-0.0135,2835.5,2803.5
2018-05-22,2760.15,223360,2802.2,0.015,2815.0,2774.72
2018-05-23,2800.0,389010,2857.85,0.0199,2867.5,2810.0
2018-05-24,2841.0,263790,2859.1,0.0004,2895.95,2851.68
2018-05-25,2853.03,234920,2913.75,0.0191,2925.0,2860.0
2018-05-28,2896.5,136480,2921.47,0.0026,2939.38,2939.38
2018-05-29,2889.12,169820,2902.55,-0.0065,2934.0,2927.35
2018-05-30,2868.0,220700,2894.93,-0.0026,2909.78,2876.7
2018-05-31,2880.0,620770,2961.97,0.0232,3007.9,2900.0
2018-06-01,2897.1,244770,2906.22,-0.0187999999999999,2987.0,2987.0
2018-06-04,2855.3,234990,2883.1,-0.008,2932.03,2918.7
2018-06-05,2877.78,146210,2905.9,0.0079,2920.0,2877.78
2018-06-06,2902.5,137320,2938.47,0.0112,2944.5,2902.5
2018-06-07,2944.05,244240,2996.65,0.0197999999999999,3008.5,2955.0
2018-06-08,2944.03,176900,2958.82,-0.0126,3008.0,3008.0
2018-06-11,2950.5,138470,2955.22,-0.0012,2982.12,2963.5
2018-06-12,2930.28,90800,2973.3,0.0060999999999999,2977.5,2955.22
2018-06-13,2967.55,198280,3008.57,0.0118999999999999,3040.0,2967.55
2018-06-14,2985.5,153540,3000.88,-0.0026,3023.5,3023.5
2018-06-15,2997.65,358540,3068.3,0.0225,3089.72,3007.5
2018-06-18,3029.95,234720,3037.0,-0.0102,3066.85,3066.85
2018-06-19,2961.03,190780,2988.28,-0.016,3041.47,3030.0
2018-06-20,2985.0,259290,2997.78,0.0032,3027.75,2999.2
2018-06-21,2975.0,151970,2981.35,-0.0055,3014.97,3000.0
2018-06-22,2947.53,184020,2979.72,-0.0005,2999.0,2984.45
2018-06-25,2980.0,129690,2988.7,0.003,3024.95,2987.0
2018-06-26,2981.5,225120,3025.05,0.0121999999999999,3040.9,3003.0
2018-06-27,3024.0,273890,3043.8,0.0062,3064.5,3043.0
2018-06-28,3027.78,256269,3064.78,0.0069,3074.0,3062.0
2018-06-29,3056.15,315220,3106.88,0.0137,3128.97,3075.0
2018-07-02,3085.07,160600,3116.47,0.0031,3133.97,3113.5
2018-07-03,3093.03,187680,3108.28,-0.0026,3129.8,3129.8
2018-07-04,3105.03,197910,3149.88,0.0134,3159.55,3105.03
2018-07-05,3147.1,144030,3153.65,0.0012,3184.5,3174.5
2018-07-06,3140.5,234680,3154.95,0.0004,3179.75,3145.0
2018-07-09,3150.0,123170,3191.43,0.0116,3203.57,3155.5
2018-07-10,3185.12,183950,3194.85,0.0011,3212.53,3205.0
2018-07-11,3154.0,294280,3178.88,-0.005,3204.47,3204.0
2018-07-12,3161.12,287710,3202.82,0.0075,3215.6,3199.97
2018-07-13,3195.0,220690,3237.55,0.0108,3250.0,3195.0
2018-07-16,3249.97,172270,3266.35,0.0089,3283.5,3250.0
2018-07-17,3207.28,217350,3213.45,-0.0162,3287.1,3272.5
2018-07-18,3155.0,214520,3182.9,-0.0095,3237.53,3225.5
2018-07-19,3141.62,197250,3186.15,0.001,3198.2,3182.5
2018-07-20,3155.5,193860,3179.07,-0.0022,3217.35,3188.0
2018-07-23,3182.5,169910,3217.97,0.0121999999999999,3236.2,3200.0
2018-07-24,3199.0,158030,3233.22,0.0046999999999999,3247.5,3232.5
2018-07-25,3215.0,108570,3222.0,-0.0034999999999999,3262.0,3249.5
2018-07-26,3207.28,215950,3225.15,0.001,3247.28,3244.5
2018-07-27,3185.0,139910,3192.6,-0.0101,3250.0,3222.0
2018-07-30,3102.82,387250,3165.72,-0.0084,3212.5,3212.5
2018-07-31,3145.72,344680,3271.1,0.0333,3280.0,3189.95
2018-08-01,3212.47,307080,3244.93,-0.008,3312.5,3290.0
2018-08-02,3219.53,232300,3228.7,-0.005,3274.5,3240.0
2018-08-03,3184.1,344500,3196.35,-0.01,3261.0,3260.0
2018-08-06,3132.43,1200000,3163.35,-0.0103,3244.0,3220.0
2018-08-07,3085.0,699320,3100.2,-0.02,3183.28,3167.0
2018-08-08,3108.03,383190,3150.7,0.0163,3158.5,3115.8
2018-08-09,3140.28,261430,3167.7,0.0054,3179.28,3160.0
2018-08-10,3140.55,218270,3171.88,0.0013,3181.5,3181.5
2018-08-13,3156.5,324370,3215.32,0.0137,3225.5,3171.5
2018-08-14,3212.28,336190,3229.75,0.0045,3247.2,3225.0
2018-08-16,3213.05,295890,3247.07,0.0054,3260.0,3234.5
2018-08-17,3239.6,403130,3314.95,0.0209,3320.22,3259.65
2018-08-20,3325.0,289420,3385.7,0.0213,3393.4,3334.5
2018-08-21,3355.03,440780,3428.72,0.0127,3457.1,3397.5
2018-08-23,3415.85,325100,3450.07,0.0062,3467.18,3459.0
2018-08-24,3382.5,275840,3386.72,-0.0184,3445.0,3445.0
2018-08-27,3390.75,130789,3402.47,0.0046999999999999,3430.0,3393.3
2018-08-28,3409.5,155310,3422.82,0.006,3429.22,3421.95
2018-08-29,3363.1,189950,3367.9,-0.016,3425.5,3425.5
2018-08-30,3282.6,300920,3345.0,-0.0068,3388.0,3367.9
2018-08-31,3325.03,219380,3368.38,0.0069999999999999,3390.0,3345.3
2018-09-03,3266.0,170100,3282.93,-0.0254,3407.47,3395.0
2018-09-04,3149.85,408850,3172.03,-0.0338,3304.32,3268.2
2018-09-05,3025.0,746630,3092.5,-0.0250999999999999,3159.88,3134.0
2018-09-06,3060.57,365560,3097.22,0.0015,3159.47,3099.97
2018-09-07,3087.9,173560,3114.55,0.0056,3137.2,3120.45
2018-09-10,3042.5,171170,3047.0,-0.0217,3122.5,3120.0
2018-09-11,2960.07,424090,2970.03,-0.0253,3055.28,3051.3
2018-09-12,2955.18,439120,3007.75,0.0127,3030.0,2990.0
2018-09-14,3000.0,522690,3056.15,0.0161,3075.0,3034.5
2018-09-17,2988.28,295050,3010.88,-0.0148,3054.0,3054.0
2018-09-18,3001.22,475680,3033.2,0.0074,3077.7,3011.25
2018-09-19,2965.0,266470,2979.95,-0.0176,3064.0,3064.0
2018-09-21,2685.03,741490,2895.38,-0.0283999999999999,3002.47,2987.55
2018-09-24,2781.25,391460,2801.0,-0.0326,2918.75,2918.75
2018-09-25,2741.03,468200,2886.93,0.0306999999999999,2905.65,2812.5
2018-09-26,2825.0,381030,2840.95,-0.0159,2937.5,2935.0
2018-09-27,2812.5,464960,2849.9,0.0032,2883.0,2842.5
2018-09-28,2767.1,886020,2911.75,0.0217,2945.0,2897.0
2018-10-01,2850.5,345990,2921.78,0.0034,2940.0,2930.0
2018-10-03,2851.0,267010,2869.7,-0.0178,2917.32,2912.0
2018-10-04,2775.2,637500,2812.68,-0.0199,2849.0,2849.0
2018-10-05,2690.07,518320,2723.85,-0.0316,2807.5,2807.5
2018-10-08,2673.57,459540,2771.75,0.0176,2784.95,2694.5
2018-10-09,2723.07,638170,2755.62,-0.0058,2839.45,2824.0
2018-10-10,2732.03,274440,2854.25,0.0358,2875.0,2737.5
2018-10-11,2745.3,274780,2785.1,-0.0242,2831.22,2762.5
2018-10-12,2810.65,435470,2878.75,0.0336,2894.5,2834.72
2018-10-15,2810.0,388950,2835.8,-0.0149,2892.47,2892.0
2018-10-16,2810.0,196320,2850.25,0.0051,2885.0,2855.72
2018-10-17,2752.55,378960,2770.53,-0.0279999999999999,2888.82,2879.5
2018-10-19,2737.5,341550,2781.75,0.004,2797.0,2774.0
2018-10-22,2775.5,190690,2790.07,0.003,2811.25,2808.5
2018-10-23,2726.12,384400,2742.28,-0.0171,2800.55,2784.5
2018-10-24,2655.0,484590,2680.07,-0.0227,2792.0,2762.75
2018-10-25,2628.0,496220,2654.65,-0.0095,2704.8,2655.0
2018-10-26,2628.6,267430,2660.25,0.0021,2694.5,2669.72
2018-10-29,2651.32,188160,2699.12,0.0146,2724.5,2658.9
2018-10-30,2687.7,269270,2723.95,0.0092,2733.5,2710.0
2018-10-31,2719.53,424200,2822.05,0.036,2833.03,2733.5
2018-11-01,2782.5,251860,2791.53,-0.0108,2858.93,2840.0
2018-11-02,2790.0,253580,2800.5,0.0032,2862.5,2810.5
2018-11-05,2805.5,183000,2857.25,0.0203,2865.72,2807.0
2018-11-06,2825.6,230170,2860.62,0.0012,2899.5,2862.25
2018-11-07,2871.12,77810,2905.22,0.0156,2910.0,2871.12
2018-11-09,2850.5,442250,2873.22,-0.011,2944.5,2917.0
2018-11-12,2791.7,697690,2878.78,0.0019,2911.2,2883.75
2018-11-13,2828.0,361810,2906.28,0.0096,2920.0,2890.0
2018-11-14,2865.8,309190,2885.38,-0.0072,2931.5,2930.0
2018-11-15,2866.03,122510,2909.07,0.0081999999999999,2914.0,2897.0
2018-11-16,2895.0,451890,2973.82,0.0223,2995.0,2916.5
2018-11-19,2970.0,368140,2994.78,0.0069999999999999,3012.0,2995.0
2018-11-20,2920.43,216500,2944.35,-0.0168,3002.95,2985.0
2018-11-21,2955.0,395940,3002.32,0.0197,3012.5,2955.0
2018-11-22,2990.0,349050,3004.35,0.0007,3030.2,3005.0
2018-11-26,2975.5,348210,3004.03,-0.0001,3029.45,3019.0
2018-11-27,2983.0,430870,3017.53,0.0045,3040.0,3009.95
2018-11-28,2975.25,248830,2980.88,-0.0121,3035.0,3035.0
2018-11-29,2985.0,414180,3032.35,0.0173,3045.0,3016.0
2018-11-30,3040.8,954570,3169.75,0.0453,3197.0,3040.9
2018-12-03,3081.35,311810,3094.5,-0.0237,3188.9,3175.0
2018-12-04,3056.1,329010,3093.1,-0.0005,3128.75,3100.2
2018-12-05,3065.05,205220,3093.0,-0.0,3109.4,3090.0
2018-12-06,2980.0,302120,2986.35,-0.0345,3078.9,3078.9
2018-12-07,2950.0,155500,3005.35,0.0064,3013.85,2986.35
2018-12-10,2930.0,197630,2980.65,-0.0081999999999999,3000.0,2984.95
2018-12-11,2940.0,198220,2997.2,0.0056,3009.9,2970.0
2018-12-12,3000.25,261560,3056.5,0.0197999999999999,3074.0,3001.8
2018-12-13,3083.15,401090,3143.2,0.0283999999999999,3157.95,3088.0
2018-12-14,3097.45,187230,3135.75,-0.0024,3171.1,3139.7
2018-12-17,3114.0,228530,3163.2,0.0088,3170.0,3159.75
2018-12-18,3130.0,230830,3168.7,0.0017,3183.0,3157.0
2018-12-19,3170.0,425670,3228.85,0.019,3245.0,3179.9
2018-12-20,3160.15,205790,3170.85,-0.018,3234.75,3207.7
2018-12-21,3107.1,359200,3119.8,-0.0161,3200.0,3199.0
2018-12-24,3082.15,245820,3100.55,-0.0062,3157.0,3120.5
2018-12-26,3041.0,159440,3088.95,-0.0037,3114.0,3086.4
2018-12-27,3062.0,240310,3075.4,-0.0044,3124.95,3110.0
2018-12-28,3080.95,169580,3098.5,0.0075,3114.35,3083.0
2018-12-31,3083.0,184700,3115.4,0.0055,3120.0,3105.15
2019-01-01,3080.0,140860,3103.05,-0.004,3128.9,3120.0
2019-01-02,3081.2,152320,3116.85,0.0044,3131.0,3100.0
2019-01-03,3097.4,311500,3135.9,0.0060999999999999,3177.0,3116.85
2019-01-04,3105.55,170820,3122.7,-0.0042,3159.2,3137.95
2019-01-07,3125.0,152970,3143.8,0.0068,3155.0,3137.1
2019-01-08,3080.0,217270,3089.55,-0.0173,3155.0,3155.0
2019-01-09,3081.0,257230,3092.65,0.001,3119.85,3114.0
2019-01-10,3073.0,229690,3088.95,-0.0012,3100.0,3100.0
2019-01-11,3079.6,353710,3096.85,0.0026,3116.75,3090.0
2019-01-14,3063.0,154980,3113.65,0.0054,3124.0,3102.0
2019-01-15,3095.0,278640,3183.9,0.0226,3199.9,3120.15
2019-01-16,3145.0,182040,3175.75,-0.0026,3204.9,3184.0
2019-01-17,3175.05,154540,3207.1,0.0098999999999999,3212.0,3181.0
2019-01-18,3134.25,161430,3171.35,-0.0111,3217.35,3214.85
2019-01-21,3136.5,174710,3148.4,-0.0072,3198.55,3170.0
2019-01-22,3130.15,156090,3153.65,0.0017,3174.95,3150.0
2019-01-23,3161.05,286990,3203.85,0.0159,3229.0,3177.0
2019-01-24,3190.55,148520,3216.85,0.0040999999999999,3225.0,3217.0
2019-01-25,3193.05,325170,3206.65,-0.0032,3270.0,3221.0
2019-01-28,3131.0,216800,3203.45,-0.001,3222.0,3210.5
2019-01-29,3152.5,179980,3180.05,-0.0073,3197.0,3197.0
2019-01-30,3180.1,116520,3208.8,0.009,3222.0,3197.0
2019-01-31,3189.2,255270,3197.7,-0.0034999999999999,3231.95,3231.95
2019-02-01,3201.0,387190,3251.0,0.0167,3286.0,3201.0
2019-02-04,3228.2,140280,3266.0,0.0046,3280.4,3251.35
2019-02-05,3150.1,503960,3167.05,-0.0302999999999999,3316.0,3278.0
2019-02-06,3105.05,313480,3181.4,0.0045,3199.95,3188.5
2019-02-07,3174.1,374130,3214.1,0.0103,3230.0,3210.0
2019-02-08,3095.0,640980,3110.0,-0.0324,3210.0,3138.5
2019-02-11,3055.3,265360,3107.55,-0.0008,3132.3,3120.0
2019-02-12,3001.0,515299,3008.6,-0.0318,3107.0,3105.0
2019-02-13,2907.0,504160,2923.4,-0.0283,3034.8,3015.0
2019-02-14,2900.0,288540,2924.6,0.0004,2949.0,2915.0
2019-02-15,2846.0,374810,2858.35,-0.0227,2945.0,2945.0
2019-02-18,2759.0,700980,2911.7,0.0187,2939.0,2860.0
2019-02-19,2851.0,484180,2873.55,-0.0131,2975.95,2910.2
2019-02-20,2884.0,271060,2922.3,0.017,2930.0,2884.0
2019-02-21,2935.0,724300,3001.6,0.0271,3018.0,2943.95
2019-02-22,2972.7,313430,3012.8,0.0037,3057.3,3008.0
2019-02-25,2982.0,336070,3048.2,0.0116999999999999,3077.0,3013.2
2019-02-26,3018.25,568490,3073.5,0.0083,3092.95,3056.0
2019-02-27,3023.35,393440,3058.6,-0.0048,3108.95,3080.0
2019-02-28,3032.9,447040,3056.9,-0.0006,3098.6,3071.0
2019-03-01,3062.3,217420,3077.25,0.0067,3090.35,3083.0
2019-03-05,3060.0,246280,3068.85,-0.0027,3100.25,3065.2
2019-03-06,3009.0,383040,3026.85,-0.0137,3086.95,3086.95
2019-03-07,3028.7,254410,3043.85,0.0056,3069.0,3045.0
2019-03-08,3021.0,190650,3071.2,0.009,3079.5,3041.0
2019-03-11,3066.5,336190,3133.45,0.0203,3139.5,3086.0
2019-03-12,3120.9,413120,3135.15,0.0005,3178.8,3165.9
2019-03-13,3093.9,298030,3126.95,-0.0026,3150.0,3136.0
2019-03-14,3116.0,293230,3149.4,0.0072,3170.0,3135.0
2019-03-15,3054.7,403250,3066.55,-0.0263,3169.0,3160.0
2019-03-18,3060.1,238910,3123.35,0.0185,3134.9,3090.0
2019-03-19,3084.0,184380,3125.4,0.0007,3138.85,3128.0
2019-03-20,3079.4,257000,3088.1,-0.0118999999999999,3135.0,3126.8
2019-03-22,3088.0,197650,3098.6,0.0034,3117.9,3094.0
2019-03-25,3061.1,224950,3090.75,-0.0025,3099.0,3074.75
2019-03-26,3060.0,340650,3099.15,0.0027,3132.0,3100.0
2019-03-27,3078.0,360840,3096.9,-0.0007,3117.0,3117.0
2019-03-28,3028.0,3470000,3096.55,-0.0001,3118.5,3092.0
2019-03-29,3045.0,595110,3085.5,-0.0036,3139.0,3120.0
2019-04-01,3044.0,497410,3049.85,-0.0116,3109.0,3104.95
2019-04-02,2980.4,378150,2994.2,-0.0182,3059.6,3056.0
2019-04-03,2955.2,439720,2990.1,-0.0014,3013.5,2990.0
2019-04-04,2984.15,464430,3041.8,0.0173,3055.0,3001.95
2019-04-05,2985.75,387500,2994.05,-0.0157,3051.05,3048.0
2019-04-08,2964.5,293050,2971.5,-0.0075,3013.95,3000.0
2019-04-09,2942.5,350180,2962.9,-0.0029,2988.75,2973.1
2019-04-10,2951.3,377560,2958.8,-0.0014,2995.0,2969.9
2019-04-11,2940.0,276800,2946.05,-0.0043,2974.05,2964.0
2019-04-12,2944.0,261480,2984.3,0.013,2990.0,2952.0
2019-04-15,2972.0,221770,2998.45,0.0046999999999999,3008.0,2998.0
2019-04-16,2998.0,258560,3020.5,0.0074,3030.0,3000.0
2019-04-18,2988.15,155310,2997.75,-0.0075,3029.85,3029.85
2019-04-22,2971.0,150450,3000.15,0.0008,3014.0,2989.0
2019-04-23,2986.35,138140,2991.0,-0.003,3013.95,3002.0
2019-04-24,2952.05,222280,2978.2,-0.0043,2997.55,2988.0
2019-04-25,2962.65,163140,2969.25,-0.003,2999.0,2988.0
2019-04-26,2955.0,121340,2967.7,-0.0005,2990.0,2990.0
2019-04-30,2876.05,458800,2896.05,-0.0241,2974.9,2970.0
2019-05-02,2772.0,1440000,2783.05,-0.039,2959.95,2927.0
2019-05-03,2690.0,1860000,2696.15,-0.0312,2803.85,2782.95
2019-05-06,2654.45,764920,2666.0,-0.0112,2699.0,2699.0
2019-05-07,2644.7,1180000,2650.55,-0.0058,2720.5,2683.0
2019-05-08,2615.85,723430,2649.5,-0.0004,2667.1,2656.6
2019-05-09,2637.0,457840,2672.4,0.0086,2689.8,2637.0
2019-05-10,2673.0,471290,2688.55,0.006,2725.0,2680.0
2019-05-13,2668.55,332870,2676.55,-0.0045,2707.6,2695.0
2019-05-14,2658.05,403040,2697.6,0.0079,2723.0,2675.9
2019-05-15,2660.0,322360,2687.75,-0.0037,2709.95,2700.0
2019-05-16,2677.8,307180,2716.2,0.0106,2737.0,2699.8
2019-05-17,2710.0,533790,2779.25,0.0232,2785.1,2719.85
2019-05-20,2781.0,442700,2801.2,0.0079,2840.0,2839.0
2019-05-21,2794.1,490610,2848.7,0.017,2867.4,2800.0
2019-05-22,2817.5,393510,2852.65,0.0014,2878.0,2861.0
2019-05-23,2827.1,262580,2838.7,-0.0049,2890.0,2874.0
2019-05-24,2808.2,227830,2851.05,0.0044,2867.0,2845.0
2019-05-27,2858.05,267260,2896.55,0.016,2905.0,2870.0
2019-05-28,2880.0,441690,2887.0,-0.0033,2925.0,2910.0
2019-05-29,2871.0,248040,2917.0,0.0104,2930.0,2887.5
2019-05-30,2874.6,225790,2887.15,-0.0102,2937.05,2921.0
2019-05-31,2889.6,577550,2921.95,0.0121,2970.0,2895.0
2019-06-03,2935.9,535060,2970.2,0.0165,3000.0,2936.0
2019-06-04,2951.0,211080,2963.1,-0.0024,2985.0,2970.2
2019-06-06,2881.8,333120,2901.35,-0.0208,2977.95,2965.3
2019-06-07,2860.0,285270,2899.3,-0.0007,2919.3,2905.0
2019-06-10,2909.7,477970,2994.3,0.0327999999999999,3005.0,2909.7
2019-06-11,2970.0,282230,2980.3,-0.0046999999999999,3010.0,3005.0
2019-06-12,2960.95,203660,2996.9,0.0056,3005.0,2979.95
2019-06-13,2952.0,213530,2984.55,-0.0040999999999999,2994.6,2989.3
2019-06-14,2954.45,117530,2964.1,-0.0069,2986.15,2972.0
2019-06-17,2891.1,234060,2899.2,-0.0219,2977.9,2964.1
2019-06-18,2860.0,302730,2867.25,-0.011,2905.0,2905.0
2019-06-19,2850.0,258720,2875.7,0.0029,2904.5,2872.0
2019-06-20,2796.55,425860,2834.05,-0.0144999999999999,2870.85,2850.0
2019-06-21,2805.0,363700,2826.7,-0.0026,2874.45,2835.0
2019-06-24,2771.05,369270,2780.5,-0.0163,2865.0,2830.0
2019-06-25,2753.6,304800,2807.7,0.0098,2818.35,2776.0
2019-06-26,2700.0,1390000,2732.9,-0.0266,2813.45,2805.0
2019-06-27,2720.0,964520,2725.9,-0.0026,2764.6,2740.0
2019-06-28,2732.0,363940,2743.7,0.0065,2768.0,2735.0
2019-07-01,2732.0,283000,2737.55,-0.0022,2771.0,2750.1
2019-07-02,2734.3,242280,2769.25,0.0116,2777.0,2741.05
2019-07-03,2765.45,454110,2794.7,0.0092,2819.0,2779.0
2019-07-04,2789.0,346400,2841.35,0.0167,2850.0,2790.0
2019-07-05,2811.9,361520,2824.85,-0.0058,2862.9,2858.0
2019-07-08,2771.05,302970,2781.15,-0.0155,2834.95,2829.9
2019-07-09,2730.15,314270,2762.65,-0.0067,2778.4,2770.0
2019-07-10,2742.9,356990,2769.55,0.0025,2805.0,2762.0
2019-07-11,2757.0,206140,2765.15,-0.0016,2790.9,2780.0
2019-07-12,2750.75,186080,2780.6,0.0056,2800.0,2763.0
2019-07-15,2755.0,150530,2773.6,-0.0025,2795.0,2795.0
2019-07-16,2737.6,221660,2747.15,-0.0095,2777.0,2770.0
2019-07-17,2748.0,306990,2797.8,0.0184,2809.95,2753.95
2019-07-18,2787.55,477910,2820.85,0.0081999999999999,2844.0,2800.0
2019-07-19,2712.1,403730,2749.15,-0.0254,2836.65,2836.35
2019-07-22,2718.0,209580,2734.5,-0.0053,2773.3,2755.0
2019-07-23,2701.0,242450,2730.2,-0.0016,2749.95,2739.0
2019-07-24,2620.05,525580,2641.45,-0.0325,2740.0,2729.0
2019-07-25,2631.1,771880,2671.55,0.0113999999999999,2685.0,2635.65
2019-07-26,2616.55,393940,2668.45,-0.0012,2684.85,2665.0
2019-07-29,2652.6,245050,2672.3,0.0014,2689.3,2661.75
2019-07-30,2592.5,354860,2617.05,-0.0207,2696.95,2675.0
2019-07-31,2540.3,487680,2605.0,-0.0046,2632.0,2621.0
2019-08-01,2575.05,332900,2600.9,-0.0016,2620.6,2590.0
2019-08-02,2555.0,347130,2594.4,-0.0025,2625.0,2588.9
2019-08-05,2542.85,211390,2578.35,-0.0062,2597.0,2585.95
2019-08-06,2538.3,404560,2550.55,-0.0108,2611.75,2563.0
2019-08-07,2530.0,308680,2540.55,-0.0039,2565.05,2551.0
2019-08-08,2536.85,286740,2577.6,0.0146,2590.0,2558.8
2019-08-09,2522.3,1430000,2588.15,0.0040999999999999,2644.35,2590.9
2019-08-13,2491.0,731080,2511.9,-0.0295,2565.0,2565.0
2019-08-14,2470.0,466210,2478.9,-0.0131,2549.7,2549.7
2019-08-16,2442.0,734220,2499.45,0.0083,2505.0,2500.0
2019-08-19,2471.1,586550,2478.4,-0.0084,2520.0,2520.0
2019-08-20,2371.0,1170000,2393.5,-0.0343,2470.0,2470.0
2019-08-21,2300.0,1700000,2384.5,-0.0038,2405.0,2389.0
2019-08-22,2393.0,1250000,2440.75,0.0236,2477.0,2393.5
2019-08-23,2402.2,629500,2466.65,0.0106,2502.0,2425.4
2019-08-26,2483.55,748620,2533.85,0.0272,2547.8,2500.0
2019-08-27,2530.0,2210000,2685.9,0.06,2724.3,2535.35
2019-08-28,2672.05,1150000,2703.1,0.0064,2743.25,2700.0
2019-08-29,2651.5,535370,2676.85,-0.0097,2737.0,2703.2
2019-08-30,2687.5,507780,2701.65,0.0093,2726.45,2690.0
2019-09-03,2683.1,716550,2707.85,0.0023,2763.15,2699.0
2019-09-04,2626.0,752110,2635.45,-0.0266999999999999,2747.55,2710.0
2019-09-05,2640.0,931160,2678.65,0.0163999999999999,2705.0,2651.0
2019-09-06,2646.2,478050,2668.0,-0.004,2721.3,2695.4
2019-09-09,2650.2,298660,2682.7,0.0055,2694.8,2669.9
2019-09-11,2660.0,334010,2666.4,-0.0060999999999999,2704.0,2696.0
2019-09-12,2647.65,310750,2677.0,0.004,2683.15,2666.4
2019-09-13,2642.0,245990,2674.6,-0.0009,2682.0,2681.0
2019-09-16,2646.1,428250,2715.05,0.0151,2730.0,2660.0
2019-09-17,2678.8,604930,2692.45,-0.0083,2740.95,2720.0
2019-09-18,2588.2,832020,2613.85,-0.0292,2668.7,2668.7
2019-09-19,2590.0,499690,2621.8,0.003,2653.2,2618.0
2019-09-20,2602.55,1320000,2867.0,0.0935,2883.0,2633.0
2019-09-23,2951.0,1740000,3053.65,0.0650999999999999,3583.75,2960.0
2019-09-24,3055.0,809420,3080.2,0.0087,3115.0,3100.0
2019-09-25,3001.0,583000,3036.0,-0.0143,3090.3,3079.95
2019-09-26,3050.0,514049,3092.8,0.0187,3105.0,3058.0
2019-09-27,3005.95,432430,3015.1,-0.0250999999999999,3109.7,3100.05
2019-09-30,2930.1,553450,2944.15,-0.0235,3023.95,3010.0
2019-10-01,2900.15,474510,2919.55,-0.0084,2987.4,2952.0
2019-10-03,2850.0,285270,2902.95,-0.0056999999999999,2919.0,2914.8
2019-10-04,2835.1,313500,2845.15,-0.0199,2931.35,2915.0
2019-10-07,2851.45,969710,2953.35,0.038,2968.75,2857.85
2019-10-09,2926.9,1040000,3058.5,0.0356,3074.65,2971.8
2019-10-10,3001.0,422210,3037.75,-0.0068,3061.0,3060.1
2019-10-11,3043.3,510120,3081.95,0.0146,3096.95,3048.9
2019-10-14,3068.95,350920,3109.65,0.009,3124.0,3093.95
2019-10-15,3112.35,583010,3181.1,0.023,3193.65,3129.1
2019-10-16,3155.0,271630,3176.75,-0.0014,3185.0,3185.0
2019-10-17,3160.0,673820,3247.85,0.0224,3266.35,3176.0
2019-10-18,3222.55,230820,3252.35,0.0014,3259.2,3227.85
2019-10-22,3220.1,435840,3248.05,-0.0013,3291.9,3220.1
2019-10-23,3253.0,591910,3294.7,0.0144,3344.5,3260.0
2019-10-24,3260.25,401740,3283.8,-0.0033,3342.0,3312.0
2019-10-25,3247.0,213350,3267.1,-0.0051,3298.85,3298.85
2019-10-27,3259.1,0,3259.1,-0.0024,3259.1,3259.1
2019-10-29,3259.0,458460,3352.5,0.0287,3367.0,3273.0
2019-10-30,3276.0,496660,3290.1,-0.0186,3399.0,3373.0
2019-10-31,3255.0,488890,3266.6,-0.0070999999999999,3343.55,3298.6
2019-11-01,3236.7,320110,3268.55,0.0006,3295.0,3295.0
2019-11-04,3227.0,283140,3239.85,-0.0088,3299.0,3290.0
2019-11-05,3202.3,330790,3231.75,-0.0025,3280.0,3255.0
2019-11-06,3191.0,347320,3227.85,-0.0012,3257.85,3239.85
2019-11-07,3204.9,289000,3223.8,-0.0013,3256.6,3249.0
2019-11-08,3143.0,376180,3158.0,-0.0204,3245.45,3228.0
2019-11-11,3110.0,464910,3119.55,-0.0121999999999999,3195.0,3157.0
2019-11-13,3200.0,1850000,3269.75,0.0481,3299.0,3271.0
2019-11-14,3200.0,515330,3230.8,-0.0118999999999999,3274.9,3274.9
2019-11-15,3185.15,261410,3195.55,-0.0109,3260.0,3230.2
2019-11-18,3126.0,429860,3140.9,-0.0171,3217.15,3203.0
2019-11-19,3110.0,261350,3120.35,-0.0065,3158.35,3140.9
2019-11-20,3060.0,504340,3116.3,-0.0013,3135.0,3120.0
2019-11-21,3061.65,295650,3072.65,-0.0139999999999999,3113.0,3113.0
2019-11-22,3016.15,349620,3022.65,-0.0163,3072.0,3062.25
2019-11-25,3004.3,437140,3040.6,0.0059,3045.0,3025.5
2019-11-26,3041.0,620960,3055.25,0.0048,3083.0,3048.0
2019-11-27,3060.0,235620,3091.1,0.0116999999999999,3100.0,3060.0
2019-11-28,3060.0,234710,3098.25,0.0023,3110.4,3110.4
2019-11-29,3050.0,221120,3057.7,-0.0131,3095.0,3085.0
2019-12-02,3051.55,387670,3069.7,0.0039,3089.95,3057.7
2019-12-03,3027.15,522270,3048.3,-0.0069999999999999,3116.0,3069.7
2019-12-04,3023.55,263760,3049.25,0.0003,3067.35,3039.9
2019-12-05,3041.0,278360,3082.9,0.011,3094.65,3064.4
2019-12-06,3059.7,206990,3069.6,-0.0043,3098.2,3090.05
2019-12-09,3047.45,206620,3058.4,-0.0036,3084.8,3084.8
2019-12-10,3042.1,185130,3059.35,0.0003,3079.0,3066.05
2019-12-11,3030.3,315340,3041.0,-0.006,3064.0,3052.1
2019-12-12,3030.2,254610,3073.55,0.0107,3080.0,3048.6
2019-12-13,3035.0,249100,3054.4,-0.0062,3096.0,3095.0
2019-12-16,3042.75,369760,3050.9,-0.0011,3087.85,3059.9
2019-12-17,3050.0,212810,3071.95,0.0069,3075.5,3060.0
2019-12-18,3053.35,405980,3099.2,0.0089,3121.15,3070.0
2019-12-19,3090.05,259890,3112.75,0.0044,3123.0,3097.9
2019-12-20,3062.45,766340,3122.25,0.0031,3155.95,3095.0
2019-12-23,3077.8,259920,3091.8,-0.0098,3129.7,3100.0
2019-12-24,3084.0,166800,3091.05,-0.0002,3114.45,3096.0
2019-12-26,3054.15,189040,3062.3,-0.0093,3118.0,3090.0
2019-12-27,3021.0,407650,3042.1,-0.0066,3082.0,3079.0
2019-12-30,3035.1,182860,3047.35,0.0017,3065.0,3050.0
2019-12-31,3020.0,190890,3027.8,-0.0064,3066.8,3046.0
2020-01-01,3027.4,110560,3039.65,0.0039,3053.0,3044.7
2020-01-02,3043.05,138430,3053.4,0.0045,3065.0,3047.0
2020-01-03,3025.65,168310,3038.8,-0.0048,3060.0,3045.0
2020-01-06,2995.05,181160,3022.05,-0.0055,3032.15,3030.0
2020-01-07,3028.0,159310,3036.6,0.0048,3054.0,3033.9
2020-01-08,2995.0,194020,3023.6,-0.0043,3038.7,3020.0
2020-01-09,2995.1,434270,3001.1,-0.0074,3049.0,3047.2
2020-01-10,2978.05,526250,2989.75,-0.0038,3015.0,3014.95
2020-01-13,2987.3,420790,3045.1,0.0185,3056.25,2995.0
2020-01-14,3037.15,653300,3105.15,0.0197,3119.0,3058.0
2020-01-15,3092.9,438960,3114.2,0.0029,3133.95,3120.0
2020-01-16,3115.0,768870,3150.25,0.0116,3160.0,3116.0
2020-01-17,3114.35,294060,3124.45,-0.0081999999999999,3169.0,3155.0
2020-01-20,3104.4,203110,3110.45,-0.0045,3143.0,3143.0
2020-01-21,3077.25,220940,3111.25,0.0003,3130.0,3100.0
2020-01-22,3088.9,248580,3106.35,-0.0016,3138.7,3125.5
2020-01-23,3068.1,203030,3112.95,0.0021,3122.9,3103.85
2020-01-24,3112.05,580190,3192.5,0.0256,3212.95,3113.15
2020-01-27,3155.0,322450,3174.2,-0.0056999999999999,3210.0,3187.0
2020-01-28,3136.5,292580,3181.25,0.0022,3209.9,3182.9
2020-01-29,3190.05,434880,3214.2,0.0104,3245.5,3200.0
2020-01-30,3192.45,337850,3210.7,-0.0011,3234.7,3208.95
2020-01-31,3186.85,468850,3200.7,-0.0031,3274.6,3242.7
2020-02-01,3080.0,237500,3097.6,-0.0322,3220.0,3188.55
2020-02-03,3092.35,657500,3230.05,0.0428,3249.0,3097.6
2020-02-04,3188.0,511590,3232.5,0.0008,3300.0,3235.0
2020-02-05,3243.7,423730,3255.95,0.0073,3318.0,3269.8
2020-02-06,3236.35,410630,3252.2,-0.0012,3293.0,3260.35
2020-02-07,3237.1,450060,3251.4,-0.0002,3296.0,3256.0
2020-02-10,3125.0,969120,3155.6,-0.0295,3280.0,3270.0
2020-02-11,3124.2,507520,3134.7,-0.0066,3198.8,3179.95
2020-02-12,3124.2,669150,3136.8,0.0007,3209.0,3124.2
2020-02-13,3105.2,319420,3135.2,-0.0005,3143.65,3132.0
2020-02-14,3090.3,270510,3096.65,-0.0123,3159.0,3116.0
2020-02-17,3072.05,224910,3084.1,-0.0040999999999999,3112.3,3095.0
2020-02-18,3020.0,453170,3066.45,-0.0056999999999999,3080.0,3080.0
2020-02-19,3040.0,462920,3082.25,0.0052,3111.0,3082.1
2020-02-20,3052.25,270720,3059.4,-0.0074,3123.45,3079.8
2020-02-24,3005.0,427350,3036.2,-0.0076,3065.0,3059.0
2020-02-25,3018.0,350420,3033.55,-0.0009,3078.0,3040.0
2020-02-26,3016.7,366300,3041.35,0.0026,3069.9,3025.1
2020-02-27,2960.0,652390,3026.05,-0.005,3100.0,3036.95
2020-02-28,2917.0,619510,2970.2,-0.0185,3020.0,2983.0
2020-03-02,2925.0,348150,2949.1,-0.0070999999999999,3053.95,2995.0
2020-03-03,2965.0,399770,3026.5,0.0262,3045.5,2970.0
2020-03-04,3028.0,368500,3063.05,0.0121,3080.0,3048.0
2020-03-05,3076.1,720100,3127.15,0.0209,3165.0,3082.6
2020-03-06,3013.25,593370,3081.4,-0.0146,3100.0,3084.9
2020-03-09,2968.5,607260,2996.5,-0.0276,3061.8,3045.0
2020-03-11,2944.1,534600,3048.3,0.0173,3065.9,2982.2
2020-03-12,2785.05,774260,2810.65,-0.078,2968.95,2945.0
2020-03-13,2410.0,1110000,2763.6,-0.0167,3049.9,2700.0
2020-03-16,2602.05,791030,2709.0,-0.0197999999999999,2744.65,2704.8
2020-03-17,2669.05,567270,2686.0,-0.0085,2795.75,2720.0
2020-03-18,2480.0,649480,2501.95,-0.0684999999999999,2744.95,2728.0
2020-03-19,2260.0,786860,2318.15,-0.0735,2404.0,2389.0
2020-03-20,2294.25,742460,2467.8,0.0646,2500.9,2341.3
2020-03-23,2100.0,613490,2137.85,-0.1336999999999999,2422.4,2300.0
2020-03-24,2111.9,929170,2364.7,0.1061,2450.0,2117.0
2020-03-25,2317.1,1250000,2451.4,0.0366999999999999,2511.6,2364.6
2020-03-26,2417.3,944120,2588.45,0.0559,2668.8,2471.55
2020-03-27,2505.0,472580,2529.25,-0.0229,2708.95,2690.0
2020-03-30,2442.75,701820,2473.75,-0.0219,2579.35,2465.25
2020-03-31,2490.0,734770,2688.95,0.087,2710.0,2579.95
2020-04-01,2505.0,1170000,2564.85,-0.0462,2780.0,2700.0
2020-04-03,2475.0,726900,2563.25,-0.0006,2610.0,2588.95
2020-04-07,2640.15,1060000,2834.5,0.1058,2878.7,2640.15
2020-04-08,2759.0,1040000,2775.55,-0.0208,2990.0,2829.0
2020-04-09,2732.9,893110,2801.7,0.0093999999999999,2850.0,2850.0
2020-04-13,2697.35,501530,2706.15,-0.0341,2800.0,2800.0
2020-04-15,2754.7,1010000,2837.35,0.0484999999999999,2908.5,2772.0
2020-04-16,2815.0,675910,2836.8,-0.0002,2893.95,2837.5
2020-04-17,2802.2,705270,2832.15,-0.0016,2895.0,2884.0
2020-04-20,2801.0,667920,2833.0,0.0003,2864.8,2860.1
2020-04-21,2733.15,1130000,2863.25,0.0107,2906.35,2779.9
2020-04-22,2827.45,737400,2952.65,0.0312,2969.7,2863.0
2020-04-23,2918.0,3430000,2947.4,-0.0018,3245.0,2960.0
2020-04-24,2956.0,2610000,3062.15,0.0389,3122.9,2980.0
2020-04-27,3070.0,1990000,3242.05,0.0587,3290.0,3075.85
2020-04-28,3160.0,1380000,3193.95,-0.0148,3289.85,3277.0
2020-04-29,3150.0,1180000,3156.8,-0.0116,3238.75,3187.8
2020-04-30,3150.0,1020000,3165.75,0.0028,3205.0,3195.0
2020-05-04,3056.0,591350,3092.95,-0.023,3160.0,3109.0
2020-05-05,2970.5,905270,2978.75,-0.0369,3126.0,3107.0
2020-05-06,2907.65,995970,2987.7,0.003,3065.0,2950.0
2020-05-07,2867.0,994650,2915.35,-0.0242,2980.0,2977.7
2020-05-08,2923.45,1100000,2994.65,0.0272,3037.0,2945.0
2020-05-11,2991.85,1100000,3053.95,0.0197999999999999,3083.4,3029.0
2020-05-12,3031.3,1330000,3107.3,0.0175,3123.2,3048.95
2020-05-13,3057.5,850980,3079.55,-0.0089,3188.0,3180.0
2020-05-14,3031.7,777260,3118.7,0.0127,3138.0,3065.0
2020-05-15,3115.0,870250,3125.65,0.0022,3196.0,3146.9
2020-05-18,3098.1,730350,3109.55,-0.0052,3165.0,3110.0
2020-05-19,3086.05,537220,3104.0,-0.0018,3147.9,3130.2
2020-05-20,3106.85,439150,3127.85,0.0077,3159.0,3110.6
2020-05-21,3099.0,574330,3110.95,-0.0054,3157.0,3120.1
2020-05-22,3080.0,630580,3167.1,0.018,3184.2,3104.0
2020-05-26,3141.0,718130,3163.85,-0.001,3244.0,3200.0
2020-05-27,3141.0,739330,3220.3,0.0178,3238.95,3170.0
2020-05-28,3189.35,1450000,3323.25,0.032,3363.25,3217.5
2020-05-29,3289.9,1660000,3378.85,0.0167,3417.0,3289.9
2020-06-01,3401.0,883460,3434.85,0.0166,3470.0,3416.0
2020-06-02,3400.0,786440,3451.0,0.0046999999999999,3480.0,3434.9
2020-06-03,3471.2,3420000,3510.3,0.0172,3708.0,3601.0
2020-06-04,3422.0,1310000,3450.35,-0.0171,3555.0,3510.0
2020-06-05,3402.2,1200000,3466.7,0.0046999999999999,3497.95,3475.0
2020-06-08,3410.0,768760,3426.8,-0.0115,3513.25,3486.0
2020-06-09,3409.0,567610,3415.7,-0.0032,3469.9,3434.9
2020-06-10,3357.4,628260,3377.0,-0.0113,3447.6,3420.9
2020-06-11,3330.0,673110,3370.35,-0.002,3403.45,3389.9
2020-06-12,3305.75,1370000,3366.05,-0.0013,3443.0,3333.0
2020-06-15,3343.45,609720,3357.2,-0.0026,3406.5,3351.0
2020-06-16,3330.0,701360,3345.35,-0.0034999999999999,3399.95,3381.05
2020-06-17,3355.05,1100000,3401.45,0.0168,3435.0,3357.85
2020-06-18,3381.55,898020,3404.25,0.0008,3457.0,3415.0
2020-06-19,3382.0,782740,3438.55,0.0101,3450.0,3417.9
2020-06-22,3416.0,735170,3421.2,-0.005,3475.0,3450.0
2020-06-23,3426.3,765550,3467.05,0.0134,3504.9,3429.95
2020-06-24,3440.0,573270,3446.4,-0.006,3504.9,3487.0
2020-06-25,3420.0,546490,3450.4,0.0012,3474.4,3424.9
2020-06-26,3444.3,448350,3456.4,0.0017,3499.9,3457.3
2020-06-29,3445.8,940190,3519.25,0.0182,3544.85,3452.8
2020-06-30,3540.0,1240000,3603.8,0.024,3615.0,3542.0
2020-07-01,3536.0,586230,3545.95,-0.0161,3611.0,3605.0
2020-07-02,3512.05,422320,3535.1,-0.0031,3567.65,3553.0
2020-07-03,3515.0,323230,3538.35,0.0009,3579.95,3549.5
2020-07-06,3541.0,538080,3624.45,0.0243,3646.0,3560.0
2020-07-07,3580.0,664350,3678.45,0.0149,3685.45,3636.0
2020-07-08,3630.0,531420,3685.0,0.0018,3712.5,3675.55
2020-07-09,3650.0,397350,3673.6,-0.0031,3699.0,3690.0
2020-07-10,3655.35,706140,3726.65,0.0144,3753.6,3669.6
2020-07-13,3750.25,1110000,3796.8,0.0187999999999999,3835.0,3760.0
2020-07-14,3729.0,399210,3735.25,-0.0162,3795.95,3795.55
2020-07-15,3711.7,506570,3723.25,-0.0032,3778.3,3742.0
2020-07-16,3689.55,987220,3854.75,0.0353,3880.25,3729.0
2020-07-17,3766.8,4500000,3785.0,-0.0181,3938.0,3900.0
2020-07-20,3807.2,3790000,3982.65,0.0521999999999999,3993.0,3859.0
2020-07-21,3875.0,1880000,3880.4,-0.0256999999999999,4010.0,3999.0
2020-07-22,3791.05,1020000,3805.05,-0.0194,3924.4,3914.8
2020-07-23,3820.0,791770,3827.6,0.0059,3879.75,3825.0
2020-07-24,3768.0,665230,3818.45,-0.0024,3849.9,3824.95
2020-07-27,3762.4,523510,3777.35,-0.0108,3846.6,3845.0
2020-07-28,3763.35,599910,3774.75,-0.0007,3830.0,3780.3
2020-07-29,3780.0,785430,3794.7,0.0053,3853.0,3797.7
2020-07-30,3790.5,855540,3805.95,0.003,3874.4,3818.4
2020-07-31,3801.1,681900,3823.6,0.0046,3860.0,3811.0
2020-08-03,3768.1,369180,3776.2,-0.0124,3849.9,3827.0
2020-08-04,3785.0,642560,3817.6,0.011,3855.0,3800.0
2020-08-05,3827.95,569220,3849.95,0.0085,3873.55,3839.9
2020-08-06,3845.0,786060,3857.65,0.002,3912.0,3865.0
2020-08-07,3850.0,1060000,3934.8,0.02,3945.0,3865.0
2020-08-10,3929.0,826720,3942.8,0.002,4005.0,3959.95
2020-08-11,3865.0,422060,3879.55,-0.016,3970.0,3950.0
2020-08-12,3800.0,619440,3809.75,-0.018,3885.0,3880.55
2020-08-13,3792.05,513260,3808.25,-0.0004,3857.85,3823.8
2020-08-14,3752.0,537500,3801.35,-0.0018,3840.0,3828.0
2020-08-17,3802.0,987820,3868.65,0.0177,3895.0,3830.0
2020-08-18,3875.0,768900,3914.3,0.0118,3940.0,3880.0
2020-08-19,3865.65,505660,3875.4,-0.0098999999999999,3949.0,3943.65
2020-08-20,3837.25,523850,3868.1,-0.0019,3910.2,3880.0
2020-08-21,3865.05,401010,3882.75,0.0038,3912.0,3896.0
2020-08-24,3894.2,444410,3908.35,0.0066,3926.0,3912.0
2020-08-25,3875.0,358590,3896.85,-0.0029,3929.95,3918.0
2020-08-26,3799.1,608530,3829.25,-0.0173,3857.35,3845.0
2020-08-27,3810.0,385950,3816.6,-0.0033,3853.35,3840.0
2020-08-28,3787.0,512490,3793.85,-0.006,3827.6,3819.0
2020-08-31,3684.0,600230,3726.05,-0.0179,3811.0,3806.4
2020-09-01,3718.3,387450,3771.0,0.0121,3787.75,3735.0
2020-09-02,3752.0,305950,3799.2,0.0075,3813.6,3787.9
2020-09-03,3740.0,414160,3746.85,-0.0138,3808.75,3798.0
2020-09-04,3698.55,759850,3705.85,-0.0109,3809.0,3730.0
2020-09-07,3655.0,437320,3724.05,0.0049,3750.0,3732.9
2020-09-08,3711.25,379280,3731.6,0.002,3762.45,3726.9
2020-09-09,3686.1,332880,3738.3,0.0018,3749.0,3690.0
2020-09-10,3700.05,357930,3719.25,-0.0051,3765.5,3765.5
2020-09-11,3720.0,829720,3772.25,0.0143,3828.0,3724.0
2020-09-14,3711.0,397740,3719.5,-0.0139999999999999,3796.0,3788.9
2020-09-15,3715.0,366110,3734.1,0.0039,3766.5,3720.05
2020-09-16,3737.15,917530,3844.5,0.0296,3860.0,3742.0
2020-09-17,3768.75,741010,3815.65,-0.0075,3890.95,3848.0
2020-09-18,3774.85,947700,3797.5,-0.0048,3839.75,3837.7
2020-09-21,3613.5,604280,3629.3,-0.0443,3795.0,3790.0
2020-09-22,3540.05,670650,3588.0,-0.0113999999999999,3678.0,3660.0
2020-09-23,3562.8,405860,3624.9,0.0103,3652.9,3618.9
2020-09-24,3560.2,517320,3612.75,-0.0034,3655.0,3590.0
2020-09-25,3615.0,507370,3686.4,0.0204,3716.95,3640.0
2020-09-28,3689.0,390640,3737.35,0.0138,3778.0,3710.9
2020-09-29,3701.65,449330,3736.85,-0.0001,3796.0,3769.0
2020-09-30,3714.05,535770,3798.15,0.0163999999999999,3825.0,3734.0
2020-10-01,3762.0,336320,3808.6,0.0028,3827.95,3820.0
2020-10-05,3785.05,460890,3830.45,0.0056999999999999,3857.8,3815.0
2020-10-06,3752.0,666860,3765.85,-0.0169,3879.95,3870.0
2020-10-07,3768.0,590800,3785.95,0.0053,3838.0,3780.0
2020-10-08,3771.5,371500,3794.7,0.0023,3825.0,3798.9
2020-10-09,3735.0,347690,3745.1,-0.0131,3818.65,3807.0
2020-10-12,3708.53,286510,3717.7,-0.0073,3760.34,3755.16
2020-10-13,3688.95,368890,3731.79,0.0038,3772.29,3718.2
2020-10-14,3726.17,545910,3775.78,0.0118,3787.74,3729.16
2020-10-15,3701.26,526410,3717.2,-0.0155,3821.76,3775.98
2020-10-16,3707.49,263970,3733.34,0.0043,3765.02,3735.08
2020-10-19,3726.17,473270,3758.5,0.0067,3780.96,3752.07
2020-10-20,3529.99,3190000,3540.01,-0.0581,3680.34,3667.38
2020-10-21,3369.49,3540000,3384.68,-0.0438999999999999,3566.76,3566.76
2020-10-22,3397.39,2270000,3445.56,0.018,3480.43,3397.39
2020-10-23,3429.32,1020000,3456.92,0.0033,3489.94,3467.13
2020-10-26,3453.18,893740,3472.51,0.0045,3492.58,3469.12
2020-10-27,3467.13,1750000,3559.04,0.0249,3574.73,3467.13
2020-10-28,3511.91,667040,3528.6,-0.0086,3586.48,3558.99
2020-10-29,3485.06,654250,3519.58,-0.0026,3542.85,3524.91
2020-10-30,3447.85,475860,3460.4,-0.0168,3536.72,3526.91
2020-11-02,3378.61,764390,3407.65,-0.0152,3473.05,3470.12
2020-11-03,3377.46,623300,3391.06,-0.0049,3444.46,3432.26
2020-11-04,3399.28,714800,3457.86,0.0197,3493.03,3410.34
2020-11-05,3452.63,999880,3486.31,0.0081999999999999,3516.94,3499.01
2020-11-06,3476.74,582470,3500.55,0.0040999999999999,3541.85,3497.02
2020-11-09,3500.55,566460,3535.18,0.0098999999999999,3556.79,3534.88
2020-11-10,3433.1,976300,3495.37,-0.0113,3558.79,3558.79
2020-11-11,3440.28,1140000,3479.83,-0.0044,3528.5,3496.02
2020-11-12,3468.47,615260,3502.3,0.0065,3512.91,3486.75
2020-11-13,3492.03,473520,3501.45,-0.0002,3528.35,3503.99
2020-11-17,3491.44,694640,3496.82,-0.0013,3536.87,3527.9
2020-11-18,3432.26,914390,3487.4,-0.0027,3508.92,3494.82
2020-11-19,3467.13,739070,3498.36,0.0031,3535.87,3476.09
2020-11-20,3508.13,1200000,3538.96,0.0116,3564.52,3511.91
2020-11-23,3538.86,952760,3544.24,0.0015,3585.69,3561.78
2020-11-24,3518.64,752970,3549.07,0.0014,3579.71,3561.78
2020-11-25,3518.44,385590,3542.65,-0.0018,3566.61,3557.39
2020-11-26,3477.09,741800,3535.62,-0.002,3559.68,3556.59
2020-11-27,3490.14,5380000,3624.49,0.0250999999999999,3671.27,3550.67
2020-12-01,3582.25,1040000,3615.93,-0.0024,3688.8,3688.8
2020-12-02,3546.83,680870,3583.7,-0.0089,3634.51,3623.55
2020-12-03,3594.7,450560,3622.5,0.0108,3640.38,3633.51
2020-12-04,3598.64,482930,3634.71,0.0034,3658.42,3623.55
2020-12-07,3598.74,492080,3615.53,-0.0053,3656.43,3636.5
2020-12-08,3604.27,413740,3631.92,0.0045,3641.38,3625.94
2020-12-09,3605.71,434690,3613.68,-0.005,3652.44,3635.4
2020-12-10,3610.59,1440000,3725.92,0.0311,3733.14,3613.68
2020-12-11,3687.81,695960,3718.94,-0.0019,3763.03,3732.99
2020-12-14,3723.23,685710,3762.98,0.0118,3777.97,3731.15
2020-12-15,3711.92,648900,3751.62,-0.003,3783.65,3761.04
2020-12-16,3731.15,466180,3738.72,-0.0034,3772.0,3752.27
2020-12-17,3707.24,488770,3715.95,-0.0060999999999999,3753.07,3726.26
2020-12-18,3676.35,1040000,3706.74,-0.0025,3745.89,3724.17
2020-12-21,3521.77,670150,3610.65,-0.0259,3713.26,3705.24
2020-12-22,3528.0,662140,3616.97,0.0018,3648.85,3606.61
2020-12-23,3591.91,451660,3611.94,-0.0014,3654.78,3628.13
2020-12-24,3576.77,579770,3604.87,-0.002,3670.27,3641.48
2020-12-28,3584.69,463360,3590.22,-0.0040999999999999,3632.66,3621.55
2020-12-29,3561.88,414930,3580.01,-0.0028,3609.85,3600.63
2020-12-30,3550.82,407810,3570.64,-0.0026,3592.51,3588.93
2020-12-31,3548.92,459380,3563.12,-0.0021,3588.43,3567.41
2021-01-01,3549.87,453080,3554.6,-0.0024,3591.67,3561.78
2021-01-04,3523.92,698400,3539.76,-0.0042,3580.61,3575.72
2021-01-05,3526.91,725280,3537.96,-0.0005,3550.77,3535.87
2021-01-06,3497.02,1100000,3526.61,-0.0032,3588.68,3554.8
2021-01-07,3503.44,621490,3539.66,0.0037,3554.75,3546.83
2021-01-08,3519.78,961240,3562.02,0.0063,3576.67,3560.78
2021-01-11,3534.53,1040000,3599.49,0.0105,3611.59,3590.47
2021-01-12,3573.03,893650,3618.22,0.0052,3635.3,3610.59
2021-01-13,3586.68,798270,3607.75,-0.0029,3634.51,3626.54
2021-01-14,3606.21,1190000,3651.89,0.0121999999999999,3691.2,3609.6
2021-01-15,3557.79,597620,3595.7,-0.0154,3671.37,3666.39
2021-01-18,3561.78,826500,3594.5,-0.0003,3651.44,3595.7
2021-01-19,3573.73,594090,3587.93,-0.0018,3636.35,3615.33
2021-01-20,3571.74,607450,3579.01,-0.0025,3627.53,3591.67
2021-01-21,3589.27,834430,3617.37,0.0107,3652.99,3591.37
2021-01-22,3577.72,791210,3594.65,-0.0063,3676.35,3635.5
2021-01-25,3563.02,467370,3600.18,0.0015,3626.39,3620.41
2021-01-27,3580.51,646880,3597.39,-0.0008,3636.4,3600.18
2021-01-28,3546.08,643830,3590.42,-0.0019,3636.5,3575.43
2021-01-29,3467.33,733170,3488.15,-0.0285,3607.41,3591.86
2021-02-01,3470.12,544280,3507.73,0.0056,3544.74,3525.91
2021-02-02,3470.86,869950,3488.3,-0.0055,3540.85,3534.78
2021-02-03,3488.05,786970,3503.49,0.0044,3530.89,3513.01
2021-02-04,3498.06,958720,3566.76,0.0181,3594.7,3508.92
2021-02-05,3517.39,1160000,3528.55,-0.0107,3602.62,3602.62
2021-02-08,3451.29,2390000,3460.85,-0.0192,3603.52,3587.68
2021-02-09,3442.22,951120,3449.59,-0.0033,3492.03,3492.03
2021-02-10,3404.41,893690,3412.18,-0.0108,3472.21,3455.07
2021-02-11,3407.35,873770,3449.94,0.0111,3457.16,3418.06
2021-02-12,3396.44,618870,3408.59,-0.012,3476.09,3467.13
2021-02-15,3390.41,513580,3404.36,-0.0012,3432.26,3416.32
2021-02-16,3372.53,693630,3376.91,-0.0081,3419.65,3419.3
2021-02-17,3347.57,866570,3351.56,-0.0075,3392.25,3357.53
2021-02-18,3327.75,616160,3347.02,-0.0014,3378.41,3355.54
2021-02-19,3307.72,765680,3318.88,-0.0084,3370.49,3346.57
2021-02-22,3305.03,666370,3328.84,0.003,3361.27,3337.61
2021-02-23,3313.0,484690,3323.61,-0.0016,3355.54,3337.41
2021-02-24,3328.64,512570,3392.95,0.0209,3402.37,3347.57
2021-02-25,3362.12,586360,3392.41,-0.0002,3413.03,3407.35
2021-02-26,3330.63,748720,3351.31,-0.0121,3396.34,3376.46
2021-03-01,3354.59,377870,3399.18,0.0143,3407.35,3359.03
2021-03-02,3382.44,383970,3435.2,0.0106,3437.24,3399.18
2021-03-03,3422.29,409490,3468.27,0.0096,3474.25,3447.2
2021-03-04,3437.24,537280,3488.95,0.006,3501.8,3437.24
2021-03-05,3447.95,612420,3478.83,-0.0029,3493.68,3473.1
2021-03-08,3438.24,463980,3450.39,-0.0081999999999999,3495.97,3480.68
2021-03-09,3384.78,589560,3414.07,-0.0105,3476.24,3460.65
2021-03-10,3425.78,270940,3467.48,0.0156,3476.09,3439.13
2021-03-12,3412.33,344210,3421.55,-0.0132,3480.93,3478.98
2021-03-15,3386.43,311080,3437.64,0.0046999999999999,3443.76,3430.86
2021-03-16,3443.27,383100,3476.19,0.0112,3487.05,3449.79
2021-03-17,3433.55,378140,3455.07,-0.0060999999999999,3486.06,3475.1
2021-03-18,3414.72,430170,3426.93,-0.0081,3475.0,3467.13
2021-03-19,3366.5,1310000,3453.78,0.0078,3481.92,3411.93
2021-03-22,3427.38,820050,3551.22,0.0282,3556.79,3427.38
2021-03-23,3511.96,461050,3555.2,0.0011,3564.76,3556.79
2021-03-24,3508.97,480660,3524.66,-0.0086,3555.0,3522.92
2021-03-25,3416.32,486520,3431.11,-0.0265,3551.61,3521.92
2021-03-26,3442.57,273030,3491.64,0.0176,3502.0,3442.57
2021-03-30,3497.07,567450,3602.62,0.0318,3611.59,3501.0
2021-03-31,3579.21,441580,3611.64,0.0025,3641.48,3602.62
2021-04-01,3596.9,460660,3605.11,-0.0018,3656.43,3621.55
2021-04-05,3616.57,807940,3686.66,0.0226,3706.24,3621.55
2021-04-06,3666.39,462350,3716.8,0.0081999999999999,3722.58,3694.28
2021-04-07,3697.82,633680,3794.46,0.0209,3805.87,3718.2
2021-04-08,3747.14,613390,3802.63,0.0022,3819.82,3766.02
2021-04-09,3775.98,526930,3783.65,-0.005,3829.48,3802.63
2021-04-12,3736.13,1110000,3798.65,0.004,3835.76,3763.98
2021-04-13,3715.26,411660,3732.14,-0.0175,3832.77,3799.99
2021-04-15,3659.41,494460,3679.04,-0.0141999999999999,3785.84,3737.13
2021-04-16,3662.95,251740,3682.83,0.001,3720.14,3681.83
2021-04-19,3639.54,560400,3728.96,0.0125,3741.11,3671.37
2021-04-20,3676.45,331480,3716.1,-0.0034,3738.87,3718.1
2021-04-22,3678.49,424370,3738.12,0.0059,3752.07,3711.32
2021-04-23,3627.03,491830,3636.8,-0.0271,3746.99,3741.11
2021-04-26,3517.94,1030000,3526.11,-0.0304,3648.45,3647.56
2021-04-27,3503.99,813610,3528.1,0.0006,3561.38,3559.49
2021-04-28,3456.17,1500000,3465.88,-0.0176,3513.95,3475.1
2021-04-29,3434.25,611090,3456.07,-0.0028,3492.93,3483.82
2021-04-30,3424.29,436190,3436.24,-0.0056999999999999,3455.52,3447.2
2021-05-03,3418.91,570020,3426.53,-0.0028,3465.83,3426.38
2021-05-04,3407.35,337840,3423.14,-0.001,3449.19,3419.3
2021-05-05,3423.54,234120,3438.83,0.0046,3446.11,3428.37
2021-05-06,3426.98,384450,3439.28,0.0001,3478.58,3439.23
2021-05-07,3439.48,189160,3448.45,0.0027,3471.81,3471.81
2021-05-10,3390.91,694000,3401.17,-0.0137,3465.14,3465.14
2021-05-11,3383.49,455410,3405.75,0.0013,3422.0,3401.17
2021-05-12,3388.57,252500,3426.83,0.0062,3432.26,3391.41
2021-05-14,3425.48,677500,3488.5,0.018,3511.46,3437.24
2021-05-17,3483.12,338000,3494.28,0.0017,3520.83,3505.93
2021-05-18,3467.13,474370,3512.41,0.0052,3520.83,3512.16
2021-05-19,3503.04,688420,3521.33,0.0025,3541.85,3521.92
2021-05-20,3402.37,1050000,3409.89,-0.0316,3504.69,3487.05
2021-05-21,3405.36,521690,3423.04,0.0039,3436.24,3436.24
2021-05-24,3358.93,1640000,3366.6,-0.0165,3446.21,3446.21
2021-05-25,3385.0,1320000,3439.5,0.0217,3447.0,3385.0
2021-05-26,3413.05,373190,3416.0,-0.0068,3453.85,3441.05
2021-05-27,3400.05,444550,3414.65,-0.0004,3437.5,3430.0
2021-05-28,3410.0,249530,3423.45,0.0026,3449.0,3417.0
2021-05-31,3427.25,352800,3447.85,0.0070999999999999,3458.4,3428.75
2021-06-01,3442.0,236580,3446.75,-0.0003,3469.1,3458.0
2021-06-02,3446.05,420070,3475.25,0.0083,3486.0,3446.75
2021-06-03,3467.4,380900,3496.25,0.006,3499.5,3480.0
2021-06-04,3480.0,312830,3489.3,-0.002,3512.0,3500.0
2021-06-07,3478.5,357310,3542.6,0.0153,3555.0,3506.5
2021-06-08,3542.6,787310,3601.75,0.0167,3622.0,3544.5
2021-06-09,3557.1,546200,3574.7,-0.0075,3608.35,3598.0
2021-06-10,3555.0,355090,3576.3,0.0004,3611.6,3571.0
2021-06-11,3551.0,301380,3557.9,-0.0051,3595.0,3575.0
2021-06-14,3510.45,312420,3591.25,0.0093999999999999,3598.0,3557.9
2021-06-15,3593.0,451020,3631.85,0.0113,3640.5,3593.35
2021-06-16,3605.05,232530,3639.45,0.0021,3644.8,3631.05
2021-06-17,3609.5,300190,3658.15,0.0051,3663.0,3625.9
2021-06-18,3595.0,731810,3619.2,-0.0106,3679.0,3661.4
2021-06-21,3581.1,231480,3648.85,0.0081999999999999,3653.95,3600.0
2021-06-22,3616.0,235560,3650.9,0.0006,3665.0,3650.0
2021-06-23,3631.0,379000,3659.3,0.0023,3684.3,3652.0
2021-06-24,3651.0,385390,3689.1,0.0081,3704.85,3659.3
2021-06-25,3644.9,176770,3670.05,-0.0052,3709.9,3709.9
2021-06-28,3643.0,181790,3667.25,-0.0008,3685.0,3670.05
2021-06-29,3610.05,357260,3657.15,-0.0028,3667.1,3655.0
2021-06-30,3632.95,428390,3649.65,-0.0021,3690.0,3675.0
2021-07-01,3580.65,612680,3595.8,-0.0148,3661.0,3640.0
2021-07-02,3535.0,292860,3545.3,-0.0139999999999999,3609.0,3609.0
2021-07-05,3512.4,519059,3523.55,-0.0060999999999999,3584.5,3564.0
2021-07-06,3508.65,282120,3519.0,-0.0013,3533.85,3526.0
2021-07-07,3506.0,524480,3521.35,0.0007,3542.0,3521.0
2021-07-08,3473.25,627230,3491.4,-0.0085,3525.9,3499.0
2021-07-09,3468.0,595360,3475.95,-0.0044,3518.0,3491.0
2021-07-12,3464.1,146120,3470.4,-0.0016,3500.0,3482.2
2021-07-13,3465.1,182920,3485.5,0.0044,3489.45,3488.75
2021-07-14,3454.15,458960,3485.75,0.0001,3488.15,3474.0
2021-07-15,3455.5,264600,3460.85,-0.0070999999999999,3503.0,3503.0
2021-07-16,3437.1,399010,3441.0,-0.0056999999999999,3472.7,3460.0
2021-07-19,3426.1,226730,3450.15,0.0027,3457.5,3440.4
2021-07-20,3426.5,152950,3433.55,-0.0048,3466.95,3455.0
2021-07-22,3415.0,389460,3425.3,-0.0024,3449.5,3449.5
2021-07-23,3425.3,247780,3439.8,0.0042,3452.5,3427.0
2021-07-26,3431.0,433830,3482.0,0.0123,3498.0,3439.95
2021-07-27,3435.15,210610,3450.75,-0.009,3504.85,3496.0
2021-07-28,3410.0,352130,3424.1,-0.0077,3469.0,3469.0
2021-07-29,3402.0,321410,3405.6,-0.0054,3428.95,3424.2
2021-07-30,3378.0,988320,3423.4,0.0052,3440.0,3424.0
2021-08-02,3440.05,1890000,3504.65,0.0237,3542.0,3446.7
2021-08-03,3531.0,1330000,3573.2,0.0196,3579.0,3550.0
2021-08-04,3540.0,478790,3578.3,0.0014,3599.0,3579.0
2021-08-05,3547.6,497150,3611.15,0.0092,3617.7,3578.3
2021-08-06,3590.1,258380,3604.0,-0.002,3620.0,3611.15
2021-08-09,3606.25,444710,3636.1,0.0089,3649.0,3619.9
2021-08-10,3611.5,249490,3637.2,0.0003,3644.0,3636.1
2021-08-11,3571.1,233120,3625.5,-0.0032,3648.95,3637.2
2021-08-12,3607.5,232970,3620.8,-0.0013,3642.95,3634.4
2021-08-13,3575.1,323140,3579.55,-0.0113999999999999,3644.1,3620.8
2021-08-16,3553.05,348970,3655.3,0.0212,3673.95,3570.0
2021-08-17,3668.0,579150,3696.5,0.0113,3707.6,3670.0
2021-08-18,3686.95,426840,3720.75,0.0066,3730.0,3708.8
2021-08-20,3635.3,1570000,3895.95,0.0471,3967.5,3640.0
2021-08-23,3850.6,645090,3866.25,-0.0076,3964.65,3910.0
2021-08-24,3795.5,437170,3812.2,-0.0139999999999999,3892.0,3874.85
2021-08-25,3797.0,360780,3842.8,0.008,3898.0,3812.2
2021-08-26,3825.2,1110000,3930.9,0.0229,3946.95,3825.2
2021-08-27,3911.75,475520,3941.55,0.0027,3972.95,3944.7
2021-08-30,3932.2,466520,3986.35,0.0113999999999999,3993.55,3960.0
2021-08-31,3960.0,688610,3997.5,0.0028,4027.3,3995.0
2021-09-01,3963.85,352460,4015.35,0.0045,4025.9,3984.6
2021-09-02,4002.05,525680,4086.1,0.0176,4104.0,4015.0
2021-09-03,4073.15,426380,4124.2,0.0093,4134.7,4105.0
2021-09-06,4061.0,312610,4079.05,-0.0109,4149.3,4144.4
2021-09-07,4080.0,259529,4095.45,0.004,4129.6,4096.9
2021-09-08,4015.7,236280,4061.4,-0.0083,4087.9,4079.8
2021-09-09,4050.1,295130,4070.8,0.0023,4118.8,4058.8
2021-09-13,4058.8,171200,4093.85,0.0056999999999999,4103.0,4070.8
2021-09-14,4082.4,419440,4101.5,0.0019,4153.0,4097.0
2021-09-15,4071.05,218160,4086.35,-0.0037,4135.0,4105.2
2021-09-16,4039.8,243640,4073.05,-0.0033,4120.0,4086.35
2021-09-17,4041.0,621520,4051.85,-0.0052,4115.0,4077.4
2021-09-20,4000.0,291100,4084.5,0.0081,4115.0,4035.0
2021-09-21,4053.0,424260,4075.55,-0.0022,4111.55,4062.2
2021-09-22,4049.1,259940,4058.5,-0.0042,4105.0,4082.0
2021-09-23,4017.5,322860,4042.35,-0.004,4075.45,4060.0
2021-09-24,4030.0,373610,4042.9,0.0001,4098.95,4040.0
2021-09-27,4000.0,248900,4009.6,-0.0081999999999999,4064.6,4049.9
2021-09-28,3990.05,354950,4003.65,-0.0015,4068.95,4005.2
2021-09-29,3959.15,332450,3972.75,-0.0077,4019.9,3982.0
2021-09-30,3940.3,217500,3948.95,-0.006,3993.0,3972.0
2021-10-01,3885.0,181920,3921.1,-0.0070999999999999,3958.8,3958.8
2021-10-04,3881.0,372750,3892.9,-0.0072,3967.25,3910.0
2021-10-05,3865.5,131730,3882.2,-0.0027,3905.25,3894.0
2021-10-06,3882.25,409840,3938.6,0.0144999999999999,3993.15,3893.0
2021-10-07,3877.45,187560,3900.6,-0.0096,3963.65,3959.8
2021-10-08,3846.85,316870,3883.3,-0.0044,3929.0,3915.0
2021-10-11,3831.2,253050,3840.6,-0.011,3900.75,3880.0
2021-10-12,3815.0,253260,3867.95,0.0070999999999999,3874.75,3821.0
2021-10-13,3854.5,174220,3883.7,0.0040999999999999,3894.1,3871.4
2021-10-14,3881.0,299080,3894.85,0.0029,3925.0,3912.0
2021-10-18,3825.0,256839,3837.35,-0.0148,3960.0,3960.0
2021-10-19,3780.0,282930,3795.9,-0.0108,3868.35,3860.35
2021-10-20,3740.0,523000,3762.0,-0.0089,3917.35,3800.0
2021-10-21,3680.0,335590,3714.35,-0.0127,3798.5,3798.5
2021-10-22,3650.0,192030,3690.0,-0.0066,3760.0,3734.0
2021-10-25,3617.7,289030,3631.05,-0.016,3696.55,3690.0
2021-10-26,3605.85,326830,3692.8,0.017,3705.05,3649.0
2021-10-27,3681.45,441020,3697.85,0.0014,3731.2,3700.9
2021-10-28,3654.0,193660,3681.9,-0.0043,3728.7,3725.0
2021-10-29,3641.05,283540,3675.75,-0.0017,3708.95,3681.0
2021-11-01,3651.1,139770,3678.15,0.0007,3700.0,3694.0
2021-11-02,3667.05,151550,3682.9,0.0013,3707.6,3680.2
2021-11-03,3618.05,185300,3629.85,-0.0144,3699.8,3695.0
2021-11-04,3639.35,23650,3652.6,0.0063,3666.5,3658.0
2021-11-08,3620.0,336940,3717.7,0.0178,3728.85,3666.0
2021-11-09,3535.15,1400000,3621.6,-0.0258,3639.0,3590.0
2021-11-10,3600.0,706760,3698.5,0.0212,3720.0,3629.45
2021-11-11,3633.3,298630,3643.4,-0.0149,3718.0,3699.1
2021-11-12,3641.25,275060,3687.95,0.0121999999999999,3701.95,3668.6
2021-11-15,3674.0,320670,3742.6,0.0148,3747.6,3700.0
2021-11-16,3681.0,199180,3690.75,-0.0139,3760.0,3751.0
2021-11-17,3607.8,251000,3615.05,-0.0204999999999999,3699.95,3690.75
2021-11-18,3555.0,248830,3571.6,-0.012,3644.8,3644.8
2021-11-22,3570.0,364650,3581.6,0.0028,3628.5,3589.0
2021-11-23,3574.0,365670,3662.15,0.0225,3670.0,3577.8
2021-11-24,3610.0,149030,3623.35,-0.0106,3674.0,3660.0
2021-11-25,3566.0,232780,3573.4,-0.0138,3633.8,3610.5
2021-11-26,3533.95,372530,3555.3,-0.0051,3635.1,3560.0
2021-11-29,3469.1,281080,3528.6,-0.0075,3550.0,3550.0
2021-11-30,3501.1,633380,3545.5,0.0048,3565.0,3514.0
2021-12-01,3528.0,312860,3535.25,-0.0029,3606.7,3550.5
2021-12-02,3530.0,377040,3578.5,0.0121999999999999,3607.3,3540.0
2021-12-03,3550.0,313990,3553.75,-0.0069,3593.45,3557.0
2021-12-06,3490.0,165990,3496.2,-0.0162,3581.1,3556.0
2021-12-07,3467.0,254450,3474.2,-0.0063,3529.0,3502.05
2021-12-08,3483.0,326190,3575.75,0.0292,3582.45,3489.95
2021-12-09,3564.0,284120,3623.9,0.0135,3634.45,3565.0
2021-12-10,3604.4,190380,3632.45,0.0024,3642.0,3623.9
2021-12-13,3576.95,311900,3588.75,-0.012,3658.35,3641.0
2021-12-14,3543.05,297870,3579.65,-0.0025,3597.45,3580.0
2021-12-15,3521.5,152080,3541.6,-0.0106,3579.6,3571.0
2021-12-16,3536.65,121780,3560.6,0.0054,3571.65,3550.0
2021-12-17,3500.0,307400,3536.15,-0.0069,3556.0,3546.0
2021-12-20,3430.1,382140,3471.9,-0.0182,3530.0,3522.0
2021-12-21,3461.05,222990,3505.75,0.0097,3541.35,3473.9
2021-12-22,3484.6,257610,3497.0,-0.0025,3538.6,3522.0
2021-12-23,3502.0,163290,3554.6,0.0165,3560.0,3503.1
2021-12-24,3519.0,136780,3541.3,-0.0037,3565.0,3560.0
2021-12-27,3506.7,94110,3513.2,-0.0079,3544.55,3540.0
2021-12-28,3511.1,99500,3550.65,0.0107,3562.0,3531.0
2021-12-29,3525.2,163740,3559.6,0.0025,3569.8,3550.65
2021-12-30,3526.05,167010,3573.9,0.004,3586.0,3570.0
2021-12-31,3569.05,244210,3606.0,0.009,3623.2,3586.0
2022-01-03,3582.2,149690,3617.55,0.0032,3626.0,3610.0
2022-01-04,3610.0,317250,3638.45,0.0058,3643.85,3623.0
2022-01-05,3633.05,245400,3659.7,0.0058,3689.0,3638.0
2022-01-06,3625.8,340350,3675.1,0.0042,3686.95,3659.7
2022-01-07,3682.85,241910,3737.35,0.0169,3742.0,3685.0
2022-01-10,3727.9,351450,3768.3,0.0083,3778.0,3737.35
2022-01-11,3738.1,206010,3743.35,-0.0066,3800.95,3768.3
2022-01-12,3691.0,311100,3700.2,-0.0115,3759.75,3750.0
2022-01-13,3691.3,129139,3749.05,0.0132,3759.95,3700.2
2022-01-14,3695.3,97010,3712.05,-0.0098999999999999,3754.9,3749.05
2022-01-17,3642.35,170220,3665.15,-0.0126,3712.8,3697.0
2022-01-18,3611.1,168100,3621.9,-0.0118,3694.7,3668.0
2022-01-19,3565.0,129229,3575.65,-0.0128,3627.55,3620.0
2022-01-20,3576.5,173550,3605.15,0.0083,3624.0,3590.0
2022-01-21,3575.7,162590,3618.3,0.0036,3629.0,3606.0
2022-01-24,3505.0,240600,3523.85,-0.0260999999999999,3626.55,3610.0
2022-01-25,3430.25,306410,3539.3,0.0044,3565.45,3502.0
2022-01-27,3435.65,353610,3494.15,-0.0128,3535.0,3535.0
2022-01-28,3494.15,249030,3509.65,0.0044,3595.0,3494.15
2022-01-31,3510.0,462840,3535.3,0.0073,3636.0,3510.0
2022-02-01,3545.05,631480,3656.6,0.0343,3710.0,3560.0
2022-02-02,3604.8,209930,3621.05,-0.0097,3670.0,3670.0
2022-02-03,3555.0,203980,3562.4,-0.0162,3652.0,3622.0
2022-02-04,3540.0,162670,3562.0,-0.0001,3593.7,3583.45
2022-02-07,3440.0,279190,3448.6,-0.0318,3579.8,3561.95
2022-02-08,3418.4,363860,3473.45,0.0072,3490.0,3441.0
2022-02-09,3473.45,172750,3517.35,0.0126,3540.7,3509.0
2022-02-10,3485.0,172090,3534.55,0.0049,3543.85,3522.0
2022-02-11,3429.0,340220,3480.55,-0.0153,3509.35,3499.0
2022-02-14,3388.05,209830,3398.0,-0.0237,3455.0,3428.0
2022-02-15,3400.0,209070,3477.9,0.0235,3490.0,3425.0
2022-02-16,3435.0,190570,3462.0,-0.0046,3498.8,3480.0
2022-02-17,3430.0,173360,3464.1,0.0006,3483.0,3482.6
2022-02-18,3444.15,121160,3481.65,0.0051,3495.0,3450.0
2022-02-21,3430.0,138290,3475.25,-0.0018,3500.0,3431.1
2022-02-22,3405.0,246370,3489.75,0.0042,3498.0,3405.0
2022-02-23,3470.0,326850,3511.15,0.0060999999999999,3530.0,3497.75
2022-02-24,3414.0,530000,3446.0,-0.0186,3504.0,3439.5
2022-02-25,3350.4,722640,3422.75,-0.0067,3444.0,3435.0
2022-02-28,3327.35,426930,3427.45,0.0014,3440.0,3405.0
2022-03-02,3371.75,416580,3391.75,-0.0104,3420.95,3420.95
2022-03-03,3350.0,429890,3366.4,-0.0075,3439.55,3405.0
2022-03-04,3275.0,331940,3371.35,0.0015,3394.85,3350.0
2022-03-07,3138.55,711480,3153.45,-0.0646,3300.55,3300.0
2022-03-08,3050.0,541970,3113.75,-0.0126,3180.0,3115.0
2022-03-09,3093.7,483470,3123.85,0.0032,3170.0,3144.0
2022-03-10,3144.8,490460,3222.95,0.0317,3248.0,3225.0
2022-03-11,3192.8,362090,3199.9,-0.0072,3256.6,3250.0
2022-03-14,3145.1,335290,3185.85,-0.0044,3215.0,3199.9
2022-03-15,3181.65,258640,3222.85,0.0116,3249.0,3186.0
2022-03-16,3232.25,239520,3313.65,0.0282,3318.35,3244.0
2022-03-17,3300.55,436220,3355.95,0.0128,3362.0,3322.0
2022-03-21,3230.0,354460,3237.55,-0.0353,3350.0,3350.0
2022-03-22,3132.25,583820,3158.4,-0.0243999999999999,3250.0,3230.0
2022-03-23,3092.0,1040000,3102.25,-0.0178,3173.85,3167.4
2022-03-24,3080.55,459230,3103.85,0.0005,3130.0,3087.0
2022-03-25,3074.1,339040,3094.5,-0.003,3122.75,3110.0
2022-03-28,3060.05,310240,3094.8,0.0001,3118.95,3094.5
2022-03-29,3090.2,359320,3103.8,0.0029,3134.0,3112.0
2022-03-30,3114.65,450270,3148.4,0.0144,3160.0,3123.65
2022-03-31,3147.3,413900,3206.4,0.0184,3218.5,3149.3
2022-04-01,3191.65,260709,3230.65,0.0076,3237.9,3210.0
2022-04-04,3215.0,275390,3270.0,0.0121999999999999,3276.4,3230.0
2022-04-05,3271.9,236850,3303.4,0.0102,3314.95,3280.0
2022-04-06,3254.65,245110,3282.5,-0.0063,3295.0,3282.0
2022-04-07,3265.65,302700,3294.1,0.0034999999999999,3322.0,3275.0
2022-04-08,3287.0,168950,3347.9,0.0163,3354.3,3287.0
2022-04-11,3297.05,186130,3350.65,0.0008,3370.0,3347.9
2022-04-12,3302.3,238040,3344.1,-0.002,3364.9,3340.0
2022-04-13,3340.0,205850,3349.65,0.0017,3388.0,3340.0
2022-04-18,3306.05,197880,3343.9,-0.0017,3367.9,3345.0
2022-04-19,3245.3,296680,3267.9,-0.0227,3388.0,3343.9
2022-04-20,3242.0,235570,3304.2,0.0111,3335.0,3266.0
2022-04-21,3274.4,152210,3359.9,0.0169,3369.95,3297.0
2022-04-22,3325.0,148490,3364.1,0.0013,3377.5,3341.3
2022-04-25,3132.05,630310,3295.9,-0.0203,3347.05,3280.0
2022-04-26,3301.3,398550,3372.7,0.0233,3402.0,3308.3
2022-04-27,3312.15,248770,3338.25,-0.0102,3384.7,3350.0
2022-04-28,3263.1,322550,3357.9,0.0059,3391.55,3270.0
2022-04-29,3266.5,259399,3279.25,-0.0233999999999999,3370.9,3360.1
2022-05-02,3203.0,215780,3271.3,-0.0024,3284.9,3242.0
2022-05-04,3328.15,2870000,3385.45,0.0349,3596.0,3340.0
2022-05-05,3260.0,623100,3277.0,-0.032,3423.55,3410.0
2022-05-06,3187.1,560370,3307.8,0.0093999999999999,3323.85,3245.0
2022-05-09,3225.0,403410,3252.05,-0.0169,3338.3,3282.5
2022-05-10,3235.0,285190,3246.55,-0.0017,3320.6,3261.0
2022-05-11,3195.0,269580,3259.85,0.0040999999999999,3283.8,3240.0
2022-05-12,3156.9,310940,3216.85,-0.0132,3239.95,3225.5
2022-05-13,3225.0,326760,3278.5,0.0192,3321.0,3225.0
2022-05-16,3253.4,270770,3284.9,0.002,3337.95,3337.0
2022-05-17,3285.45,277190,3368.85,0.0256,3382.9,3289.0
2022-05-18,3350.0,435710,3394.35,0.0076,3432.65,3350.0
2022-05-19,3308.05,394060,3332.05,-0.0184,3388.6,3365.0
2022-05-20,3352.0,525530,3450.25,0.0355,3463.8,3360.0
2022-05-23,3451.25,524980,3487.05,0.0107,3538.0,3451.25
2022-05-24,3440.0,230530,3470.45,-0.0048,3518.0,3515.0
2022-05-25,3472.15,286550,3516.5,0.0133,3525.0,3491.7
2022-05-26,3513.5,545260,3560.95,0.0126,3577.85,3550.0
2022-05-27,3510.25,165720,3557.6,-0.0009,3583.35,3583.0
2022-05-30,3541.6,213500,3576.25,0.0052,3617.65,3561.4
2022-05-31,3555.25,562990,3647.8,0.02,3700.0,3576.6
2022-06-01,3533.0,241390,3551.3,-0.0265,3669.75,3649.1
2022-06-02,3505.75,213100,3577.05,0.0073,3583.8,3570.0
2022-06-03,3493.0,271460,3530.0,-0.0132,3597.1,3575.0
2022-06-06,3450.05,153890,3491.95,-0.0108,3535.0,3530.0
2022-06-07,3354.0,338020,3383.45,-0.0311,3478.9,3465.0
2022-06-08,3310.0,320100,3361.5,-0.0065,3402.6,3385.0
2022-06-09,3306.0,347350,3347.25,-0.0042,3382.05,3361.15
2022-06-10,3301.1,503820,3360.85,0.0040999999999999,3372.25,3316.0
2022-06-13,3310.95,463900,3359.0,-0.0006,3375.0,3339.0
2022-06-14,3330.05,224650,3382.85,0.0070999999999999,3393.0,3359.55
2022-06-15,3352.05,245700,3385.4,0.0008,3402.9,3388.0
2022-06-16,3372.05,481510,3390.4,0.0015,3431.9,3400.1
2022-06-17,3300.3,527370,3332.1,-0.0172,3390.4,3390.4
2022-06-20,3270.95,364700,3378.6,0.0139999999999999,3399.9,3300.0
2022-06-21,3375.05,223640,3429.3,0.015,3472.85,3378.6
2022-06-22,3386.2,170850,3403.65,-0.0075,3454.9,3412.0
2022-06-23,3390.5,351310,3411.45,0.0023,3447.85,3414.95
2022-06-24,3429.0,301130,3469.35,0.017,3504.95,3429.0
2022-06-27,3447.25,419730,3459.1,-0.003,3505.95,3502.0
2022-06-28,3388.05,182570,3434.7,-0.0070999999999999,3469.9,3455.0
2022-06-29,3360.0,374480,3404.15,-0.0089,3455.6,3434.7
2022-06-30,3380.0,479310,3466.4,0.0183,3483.15,3380.0
2022-07-01,3412.0,292490,3584.35,0.034,3600.0,3412.0
2022-07-04,3575.0,614360,3700.45,0.0324,3713.45,3575.0
2022-07-05,3636.0,612520,3656.6,-0.0118,3714.0,3709.0
2022-07-06,3642.25,1040000,3830.8,0.0475999999999999,3840.9,3650.15
2022-07-07,3799.85,519620,3810.25,-0.0054,3882.1,3828.0
2022-07-08,3792.5,379510,3816.95,0.0018,3850.95,3830.0
2022-07-11,3780.0,208600,3795.4,-0.0056,3840.4,3829.2
2022-07-12,3716.15,283590,3725.5,-0.0184,3787.85,3783.0
2022-07-13,3712.1,164380,3726.0,0.0001,3762.1,3731.05
2022-07-14,3713.05,265730,3774.15,0.0129,3789.0,3726.0
2022-07-15,3779.1,660790,3848.9,0.0197999999999999,3862.8,3785.0
2022-07-18,3759.0,455400,3774.95,-0.0192,3880.0,3860.0
2022-07-19,3742.3,228970,3787.45,0.0033,3797.1,3774.95
2022-07-20,3793.85,440500,3828.3,0.0108,3849.0,3805.0
2022-07-21,3821.0,282100,3855.5,0.0070999999999999,3865.75,3844.0
2022-07-22,3843.65,433420,3871.45,0.0040999999999999,3929.0,3860.0
2022-07-25,3850.0,290160,3885.9,0.0037,3915.0,3871.45
2022-07-26,3795.5,267530,3807.15,-0.0203,3900.0,3900.0
2022-07-27,3781.15,200260,3854.55,0.0125,3863.9,3800.0
2022-07-28,3836.4,316010,3869.35,0.0038,3882.0,3863.5
2022-07-29,3876.9,418970,3900.4,0.008,3949.35,3883.0
2022-08-01,3838.2,323130,3855.65,-0.0115,3916.0,3900.4
2022-08-02,3758.1,355860,3788.15,-0.0175,3909.0,3875.0
2022-08-03,3726.05,428090,3770.0,-0.0048,3793.35,3780.0
2022-08-04,3726.0,506670,3775.05,0.0013,3792.0,3762.75
2022-08-05,3678.85,798850,3688.1,-0.023,3835.9,3745.0
2022-08-08,3612.8,310090,3631.4,-0.0154,3701.9,3688.1
2022-08-10,3624.05,191220,3647.75,0.0045,3674.8,3640.0
2022-08-11,3632.2,167070,3640.3,-0.002,3682.8,3666.0
2022-08-12,3607.65,228590,3659.75,0.0053,3667.3,3650.0
2022-08-16,3675.0,239510,3690.45,0.0084,3723.95,3678.05
2022-08-17,3681.15,353940,3705.2,0.004,3714.95,3693.0
2022-08-18,3681.05,232260,3693.05,-0.0033,3726.95,3712.0
2022-08-19,3642.45,177960,3662.55,-0.0083,3709.45,3693.05
2022-08-22,3635.05,366370,3676.45,0.0038,3733.0,3662.55
2022-08-23,3638.0,189150,3678.7,0.0006,3704.95,3650.0
2022-08-24,3636.45,187720,3659.15,-0.0053,3688.0,3677.0
2022-08-25,3640.0,208580,3646.6,-0.0034,3678.2,3677.45
2022-08-26,3627.1,220800,3650.15,0.001,3668.0,3664.85
2022-08-29,3585.25,525680,3707.65,0.0158,3730.0,3618.0
2022-08-30,3717.0,467340,3747.75,0.0108,3766.15,3717.0
2022-09-01,3672.1,314890,3718.15,-0.0079,3745.4,3730.0
2022-09-02,3700.0,202150,3704.25,-0.0037,3758.9,3736.75
2022-09-05,3658.1,234230,3662.6,-0.0112,3715.0,3681.0
2022-09-06,3595.0,390750,3608.8,-0.0147,3692.6,3672.0
2022-09-07,3588.0,287730,3667.9,0.0163999999999999,3674.8,3600.0
2022-09-08,3632.9,384830,3672.65,0.0013,3687.0,3683.0
2022-09-09,3641.85,134490,3649.5,-0.0063,3700.0,3685.5
2022-09-12,3640.2,212690,3671.85,0.0060999999999999,3697.95,3640.2
2022-09-13,3665.0,398870,3757.7,0.0233999999999999,3765.0,3665.0
2022-09-14,3708.0,389250,3747.0,-0.0028,3761.7,3708.0
2022-09-15,3713.05,311460,3721.55,-0.0068,3789.0,3765.0
2022-09-16,3621.1,559140,3639.55,-0.022,3741.4,3703.55
2022-09-19,3564.1,211800,3592.35,-0.013,3642.15,3635.0
2022-09-20,3602.0,346600,3650.6,0.0162,3665.0,3610.35
2022-09-21,3637.0,773840,3765.65,0.0315,3789.0,3646.0
2022-09-22,3751.0,687170,3825.95,0.016,3835.45,3764.0
2022-09-23,3782.35,326580,3796.7,-0.0076,3842.8,3825.95
2022-09-26,3775.5,626880,3787.5,-0.0024,3827.85,3796.7
2022-09-27,3800.0,584760,3824.15,0.0097,3889.8,3806.45
2022-09-28,3795.6,364920,3853.2,0.0076,3868.0,3817.9
2022-09-29,3810.0,450210,3864.5,0.0029,3873.0,3871.45
2022-09-30,3820.05,309900,3843.05,-0.0056,3887.65,3870.0
2022-10-03,3753.8,251830,3768.95,-0.0192999999999999,3878.2,3862.0
2022-10-04,3775.55,153840,3818.15,0.0131,3826.65,3807.0
2022-10-06,3760.7,308220,3767.55,-0.0133,3847.65,3837.25
2022-10-07,3732.25,318470,3785.65,0.0048,3795.0,3776.0
2022-10-10,3717.0,185200,3797.85,0.0032,3812.0,3750.0
2022-10-11,3718.0,202640,3727.9,-0.0184,3820.7,3816.85
2022-10-12,3726.35,271160,3763.0,0.0093999999999999,3774.4,3746.55
2022-10-13,3748.9,156770,3784.6,0.0056999999999999,3794.0,3771.5
2022-10-14,3769.25,350140,3796.25,0.0031,3814.9,3800.1
2022-10-17,3752.55,93320,3777.7,-0.0049,3801.9,3801.9
2022-10-18,3748.6,189870,3766.85,-0.0029,3804.95,3796.6
2022-10-19,3742.0,182280,3768.5,0.0004,3789.5,3770.0
2022-10-20,3747.65,230080,3790.15,0.0056999999999999,3802.9,3763.0
2022-10-21,3761.6,404960,3792.7,0.0007,3814.55,3793.0
2022-10-24,3712.0,32850,3801.85,0.0024,3835.6,3799.0
2022-10-25,3690.0,228570,3713.1,-0.0233,3804.9,3804.0
2022-10-27,3701.3,317970,3755.3,0.0113999999999999,3769.9,3714.0
2022-10-28,3732.0,215010,3777.7,0.006,3792.0,3767.0
2022-10-31,3739.35,198320,3766.55,-0.003,3800.0,3788.0
2022-11-01,3755.05,338870,3788.0,0.0056999999999999,3808.6,3780.0
2022-11-02,3714.3,185470,3723.95,-0.0169,3794.4,3788.0
2022-11-03,3705.45,140990,3748.05,0.0065,3760.55,3707.0
2022-11-04,3746.15,258490,3804.2,0.015,3814.95,3748.05
2022-11-07,3930.05,3140000,4139.25,0.0881,4190.0,3930.05
2022-11-09,4140.0,1200000,4175.35,0.0087,4237.0,4140.0
2022-11-10,4108.3,417580,4134.65,-0.0097,4189.65,4152.6
2022-11-11,4085.0,344560,4098.65,-0.0087,4177.0,4155.35
2022-11-14,4074.6,336120,4103.95,0.0013,4153.5,4100.0
2022-11-15,4083.25,325880,4139.35,0.0086,4153.6,4124.5
2022-11-16,4093.75,149920,4131.5,-0.0019,4145.0,4126.75
2022-11-17,4105.15,238480,4125.2,-0.0015,4150.0,4120.0
2022-11-18,4061.1,281220,4106.05,-0.0046,4138.0,4138.0
2022-11-21,4095.1,288520,4120.05,0.0034,4149.0,4118.0
2022-11-22,4107.6,319390,4157.6,0.0091,4164.25,4133.95
2022-11-23,4139.5,247440,4155.15,-0.0006,4194.05,4160.0
2022-11-24,4155.15,231520,4191.2,0.0087,4209.55,4172.0
2022-11-25,4148.3,244020,4183.7,-0.0018,4212.0,4212.0
2022-11-28,4161.0,222790,4213.05,0.0069999999999999,4229.3,4168.85
2022-11-29,4225.0,598880,4285.35,0.0172,4302.0,4225.0
2022-11-30,4290.05,1100000,4362.3,0.018,4387.9,4297.95
2022-12-01,4335.35,501700,4401.25,0.0089,4410.5,4364.55
2022-12-02,4380.3,530330,4432.9,0.0072,4444.05,4400.0
2022-12-05,4370.0,212910,4403.35,-0.0067,4427.65,4422.85
2022-12-06,4382.05,349350,4424.35,0.0048,4451.65,4398.9
2022-12-07,4383.35,252290,4393.55,-0.0069999999999999,4435.0,4424.35
2022-12-08,4384.2,282420,4394.9,0.0003,4442.65,4393.55
2022-12-09,4384.2,233440,4410.3,0.0034999999999999,4426.4,4402.0
2022-12-12,4384.0,233360,4432.55,0.005,4439.05,4419.05
2022-12-13,4410.0,158170,4426.55,-0.0014,4452.0,4452.0
2022-12-14,4390.1,195650,4409.7,-0.0038,4446.0,4440.0
2022-12-15,4412.0,370500,4465.45,0.0126,4485.0,4428.3
2022-12-16,4416.7,346510,4444.7,-0.0046,4477.15,4459.5
2022-12-19,4423.5,330660,4526.5,0.0184,4537.0,4455.0
2022-12-20,4467.05,206830,4509.05,-0.0039,4533.95,4529.0
2022-12-21,4406.15,303230,4418.85,-0.02,4530.0,4509.05
2022-12-22,4377.0,243330,4391.45,-0.0062,4446.35,4444.0
2022-12-23,4324.1,224220,4331.9,-0.0136,4398.95,4375.15
2022-12-26,4313.8,166690,4375.35,0.01,4399.9,4315.5
2022-12-27,4350.0,138090,4369.25,-0.0014,4400.0,4380.7
2022-12-28,4362.0,159250,4385.95,0.0038,4407.45,4362.0
2022-12-29,4296.55,244630,4348.3,-0.0086,4389.75,4375.0
2022-12-30,4298.55,117750,4307.45,-0.0093999999999999,4374.95,4355.2
2023-01-02,4275.1,255310,4292.15,-0.0036,4379.95,4379.95
2023-01-03,4206.3,496980,4241.85,-0.0116999999999999,4295.65,4255.1
2023-01-04,4216.35,216320,4235.0,-0.0016,4276.0,4254.95
2023-01-05,4235.0,686630,4313.2,0.0185,4387.0,4235.0
2023-01-06,4310.0,297440,4359.05,0.0106,4369.0,4313.2
2023-01-09,4336.2,170110,4364.3,0.0012,4387.9,4380.0
2023-01-10,4317.3,235450,4326.85,-0.0086,4363.0,4360.0
2023-01-11,4298.0,224670,4314.3,-0.0029,4358.65,4326.0
2023-01-12,4284.0,248080,4299.25,-0.0034999999999999,4340.9,4319.3
2023-01-13,4287.45,183770,4336.1,0.0086,4370.7,4304.0
2023-01-16,4300.0,84810,4309.6,-0.0060999999999999,4346.45,4336.1
2023-01-17,4291.75,169800,4362.05,0.0121999999999999,4372.95,4309.0
2023-01-18,4355.55,192860,4393.7,0.0073,4422.0,4360.0
2023-01-19,4357.1,139430,4372.4,-0.0048,4399.95,4379.8
2023-01-20,4312.85,154490,4318.95,-0.0121999999999999,4362.0,4362.0
2023-01-23,4319.15,119140,4337.85,0.0044,4357.45,4330.0
2023-01-24,4323.2,135590,4396.05,0.0134,4408.95,4350.8
2023-01-25,4360.0,288090,4388.15,-0.0018,4444.0,4384.0
2023-01-27,4353.8,340480,4380.4,-0.0018,4439.0,4435.0
2023-01-30,4320.0,218720,4406.75,0.006,4418.0,4396.5
2023-01-31,4264.0,605700,4317.6,-0.0202,4418.0,4418.0
2023-02-01,4326.85,622540,4370.95,0.0124,4444.5,4329.9
2023-02-02,4370.0,1670000,4573.05,0.0462,4596.0,4518.95
2023-02-03,4570.1,517470,4628.85,0.0121999999999999,4659.75,4590.0
2023-02-06,4600.0,315190,4625.65,-0.0007,4635.3,4605.0
2023-02-07,4596.7,327040,4606.85,-0.0040999999999999,4664.0,4639.0
2023-02-08,4578.0,252710,4594.8,-0.0026,4640.25,4604.95
2023-02-09,4575.15,284420,4637.35,0.0093,4656.1,4594.85
2023-02-10,4597.05,207920,4622.7,-0.0032,4669.2,4660.0
2023-02-13,4579.0,185540,4588.0,-0.0075,4636.0,4600.0
2023-02-14,4581.0,245500,4599.85,0.0026,4624.0,4590.3
2023-02-15,4530.2,197820,4588.45,-0.0025,4599.85,4599.85
2023-02-16,4567.0,160310,4572.0,-0.0036,4617.9,4597.0
2023-02-17,4514.8,203460,4533.25,-0.0085,4588.0,4570.0
2023-02-20,4444.0,308680,4453.8,-0.0175,4545.0,4535.25
2023-02-21,4450.6,229380,4503.35,0.0111,4527.85,4454.95
2023-02-22,4477.7,262920,4484.5,-0.0042,4540.9,4505.0
2023-02-23,4424.8,210030,4451.5,-0.0074,4496.0,4490.0
2023-02-24,4419.65,234460,4442.55,-0.002,4495.55,4460.0
2023-02-27,4375.0,162720,4388.25,-0.0121999999999999,4470.0,4428.55
2023-02-28,4380.0,349280,4461.75,0.0167,4475.25,4390.0
2023-03-01,4355.15,331090,4379.8,-0.0184,4454.55,4439.0
2023-03-02,4343.05,147030,4394.2,0.0033,4405.0,4390.0
2023-03-03,4380.4,212200,4411.95,0.004,4444.75,4400.0
2023-03-06,4279.9,681560,4319.85,-0.0209,4389.0,4389.0
2023-03-08,4305.75,228630,4339.65,0.0046,4370.0,4319.85
2023-03-09,4275.2,242650,4291.7,-0.011,4350.0,4339.65
2023-03-10,4282.75,367080,4311.0,0.0045,4361.75,4307.4
2023-03-13,4290.0,282670,4307.6,-0.0008,4346.05,4309.0
2023-03-14,4277.0,198000,4292.95,-0.0034,4343.9,4315.0
2023-03-15,4237.6,195190,4243.1,-0.0116,4323.65,4315.0
2023-03-16,4250.0,260040,4311.2,0.016,4320.0,4263.95
2023-03-17,4305.6,294950,4362.55,0.0118999999999999,4370.0,4325.95
