Date,Price,Open,High,Low,Volume,Chg%
2023-03-17,419.0,419.0,423.45,414.55,8660000,0.0079
2023-03-16,415.7,413.3,418.5,405.0,11850000,0.0106
2023-03-15,411.35,422.0,425.0,410.1,7680000,-0.0127
2023-03-14,416.65,422.85,424.2,413.4,9190000,-0.013600000000000001
2023-03-13,422.4,436.1,437.0,419.1,8780000,-0.030899999999999997
2023-03-10,435.85,433.0,437.8,430.8,10420000,0.0084
2023-03-09,432.2,439.1,442.05,431.3,5700000,-0.016200000000000003
2023-03-08,439.3,439.0,441.25,436.1,7850000,-0.0018
2023-03-06,440.1,430.95,441.45,430.0,11310000,0.028300000000000002
2023-03-03,428.0,422.6,430.5,421.95,8029999,0.018000000000000002
2023-03-02,420.45,426.0,426.25,419.55,5660000,-0.013000000000000001
2023-03-01,426.0,421.5,428.0,421.5,7600000,0.0126
2023-02-28,420.7,419.0,424.8,419.0,9650000,0.0066
2023-02-27,417.95,427.75,428.05,413.05,10440000,-0.0229
2023-02-24,427.75,435.4,436.7,427.0,7900000,-0.0126
2023-02-23,433.2,428.65,436.45,427.2,9280000,0.0087
2023-02-22,429.45,435.3,435.85,428.25,7210000,-0.016200000000000003
2023-02-21,436.5,445.2,445.2,435.25,8960000,-0.0147
2023-02-20,443.0,441.8,445.3,436.25,9720000,0.006999999999999999
2023-02-17,439.9,436.0,442.45,436.0,6960000,-0.0038
2023-02-16,441.6,445.0,448.25,440.5,7670000,-0.005699999999999999
2023-02-15,444.15,438.5,444.9,438.15,9860000,0.008199999999999999
2023-02-14,440.55,442.0,444.3,434.4,8570000,-0.0011
2023-02-13,441.05,445.5,446.9,438.9,8330000,-0.0108
2023-02-10,445.85,437.95,447.8,431.2,14800000,0.0208
2023-02-09,436.75,440.0,440.7,433.55,7350000,-0.0076
2023-02-08,440.1,435.45,441.0,431.55,8670000,0.010700000000000001
2023-02-07,435.45,441.7,443.4,432.9,9020000,-0.0148
2023-02-06,442.0,444.45,447.0,439.55,6800000,-0.0077
2023-02-03,445.45,447.0,450.8,442.35,13070000,0.0015
2023-02-02,444.8,446.75,449.2,440.7,11340000,-0.0040999999999999995
2023-02-01,446.65,456.8,461.5,437.65,23800000,-0.0121
2023-01-31,452.1,443.7,454.8,440.9,25150000,0.019
2023-01-30,443.65,445.6,450.0,437.65,18320000,-0.0044
2023-01-27,445.6,438.0,453.4,435.15,63360000,0.0634
2023-01-25,419.05,423.75,427.25,417.7,22980000,-0.0073
2023-01-24,422.15,410.0,424.0,410.0,30200000,0.0337
2023-01-23,408.4,407.0,410.95,405.0,13110000,0.013000000000000001
2023-01-20,403.15,404.0,412.5,401.2,23910000,0.006
2023-01-19,400.75,406.5,407.8,400.1,13130000,-0.0187
2023-01-18,408.4,415.9,415.95,407.45,13310000,-0.0166
2023-01-17,415.3,413.0,419.45,412.5,12340000,0.005600000000000001
2023-01-16,413.0,413.5,414.9,407.6,11460000,0.0036
2023-01-13,411.5,413.0,416.35,408.0,10450000,-0.0018
2023-01-12,412.25,420.3,420.5,410.05,12480000,-0.014199999999999999
2023-01-11,418.2,415.75,420.0,413.55,22220000,0.0128
2023-01-10,412.9,400.0,417.75,400.0,54020000,0.0602
2023-01-09,389.45,386.35,392.7,385.0,14690000,0.0195
2023-01-06,382.0,386.1,388.4,381.0,8720000,-0.0127
2023-01-05,386.9,387.9,388.75,382.5,10440000,0.0034000000000000002
2023-01-04,385.6,394.8,394.8,385.0,16120000,-0.021099999999999997
2023-01-03,393.9,396.0,398.35,393.0,9430000,-0.0023
2023-01-02,394.8,392.5,396.0,391.0,10500000,0.0177
2022-12-30,387.95,391.0,392.2,387.0,9200000,0.0053
2022-12-29,385.9,389.0,390.0,383.05,15630000,-0.0138
2022-12-28,391.3,394.0,395.9,390.4,8440000,-0.0072
2022-12-27,394.15,390.0,397.45,388.5,14370000,0.024300000000000002
2022-12-26,384.8,380.25,390.7,375.2,16980000,0.017
2022-12-23,378.35,390.0,390.0,377.0,19900000,-0.0408
2022-12-22,394.45,404.1,404.7,390.2,14910000,-0.0202
2022-12-21,402.6,412.6,414.4,401.0,11610000,-0.0192
2022-12-20,410.5,418.0,418.0,408.0,12340000,-0.0179
2022-12-19,418.0,421.9,422.85,415.5,9810000,-0.0085
2022-12-16,421.6,417.35,427.8,413.1,50950000,0.0118
2022-12-15,416.7,418.85,422.8,415.7,7540000,-0.0029
2022-12-14,417.9,420.55,421.35,417.35,6310000,-0.0014000000000000002
2022-12-13,418.5,419.95,421.5,417.25,9720000,0.0105
2022-12-12,414.15,412.0,416.9,408.0,8010000,0.0021
2022-12-09,413.3,419.3,420.95,409.55,9920000,-0.009300000000000001
2022-12-08,417.2,421.0,421.4,415.35,9540000,-0.0069
2022-12-07,420.1,428.0,428.0,419.1,12130000,-0.016399999999999998
2022-12-06,427.1,428.8,431.35,425.35,8460000,-0.0038
2022-12-05,428.75,435.5,437.5,427.8,12860000,-0.015300000000000001
2022-12-02,435.4,439.0,441.15,435.0,8350000,-0.006500000000000001
2022-12-01,438.25,443.0,443.6,436.85,8910000,-0.0026
2022-11-30,439.4,435.0,441.0,433.3,14730000,0.0144
2022-11-29,433.15,432.5,437.9,429.55,8630000,-0.0002
2022-11-28,433.25,435.0,440.35,432.4,10700000,0.0001
2022-11-25,433.2,425.0,435.15,424.0,18760000,0.0231
2022-11-24,423.4,424.5,425.25,420.7,6770000,-0.0015
2022-11-23,424.05,426.85,429.3,422.85,6570000,-0.0015
2022-11-22,424.7,421.0,426.4,420.5,6410000,0.0085
2022-11-21,421.1,425.6,427.6,420.0,9500000,-0.0064
2022-11-18,423.8,424.0,426.45,421.15,9850000,0.0015
2022-11-17,423.15,422.0,427.55,419.6,15620000,-0.0195
2022-11-16,431.55,436.95,438.2,429.6,8210000,-0.0128
2022-11-15,437.15,434.9,438.5,434.1,10700000,0.008
2022-11-14,433.7,424.0,437.7,423.5,18000000,0.0241
2022-11-11,423.5,420.0,425.5,414.7,19300000,0.0274
2022-11-10,412.2,420.5,420.55,409.2,26250000,-0.0484
2022-11-09,433.15,439.2,441.2,432.0,14470000,-0.0043
2022-11-07,435.0,428.25,437.5,428.25,15060000,0.0227
2022-11-04,425.35,418.2,426.0,416.9,12280000,0.0219
2022-11-03,416.25,419.4,423.3,414.5,10990000,-0.013999999999999999
2022-11-02,422.15,423.05,425.1,420.15,12430000,0.0019
2022-11-01,421.35,414.9,422.4,412.8,17320000,0.0208
2022-10-31,412.75,414.35,416.3,411.6,9930000,0.006999999999999999
2022-10-28,409.9,408.0,411.2,406.1,12490000,0.0054
2022-10-27,407.7,408.55,411.7,404.0,14610000,0.0078000000000000005
2022-10-25,404.55,404.35,410.5,403.2,17980000,0.0073
2022-10-24,401.6,406.0,406.0,400.15,2870000,0.0089
2022-10-21,398.05,397.0,402.25,394.7,10280000,-0.0001
2022-10-20,398.1,397.0,399.9,393.1,10750000,-0.0024
2022-10-19,399.05,406.2,406.95,397.3,8650000,-0.0129
2022-10-18,404.25,401.0,406.7,400.7,14220000,0.0206
2022-10-17,396.1,394.0,398.9,392.5,9540000,-0.0004
2022-10-14,396.25,407.0,409.2,395.3,12880000,-0.0069
2022-10-13,399.0,396.55,403.5,394.55,12580000,0.0062
2022-10-12,396.55,394.55,398.2,391.1,14290000,0.008100000000000001
2022-10-11,393.35,397.0,399.5,391.3,14640000,-0.0066
2022-10-10,395.95,403.4,403.4,393.05,32909999,-0.0393
2022-10-07,412.15,413.4,414.0,408.7,10670000,-0.004699999999999999
2022-10-06,414.1,409.6,417.65,409.5,12770000,0.0152
2022-10-04,407.9,406.0,408.95,402.9,12760000,0.0258
2022-10-03,397.65,405.5,406.55,395.5,20330000,-0.0172
2022-09-30,404.6,398.0,408.25,392.5,20950000,0.0058
2022-09-29,402.25,411.0,413.25,399.6,20730000,0.0079
2022-09-28,399.1,394.9,406.6,392.85,18110000,0.0008
2022-09-27,398.8,403.9,404.0,390.35,21930000,0.0033
2022-09-26,397.5,416.0,417.9,393.15,33229999,-0.0605
2022-09-23,423.1,431.9,431.9,420.55,13440000,-0.021099999999999997
2022-09-22,432.2,425.0,434.6,422.55,13600000,0.0106
2022-09-21,427.65,433.95,436.0,425.5,10830000,-0.0152
2022-09-20,434.25,430.6,443.35,430.6,17560000,0.0207
2022-09-19,425.45,431.5,431.6,424.05,15240000,-0.0163
2022-09-16,432.5,446.0,446.4,429.1,20990000,-0.033
2022-09-15,447.25,452.4,455.85,446.05,10360000,-0.0066
2022-09-14,450.2,447.6,454.7,447.0,10360000,-0.0144
2022-09-13,456.8,454.3,458.95,453.55,10660000,0.0129
2022-09-12,451.0,447.7,453.0,447.0,8960000,0.011399999999999999
2022-09-09,445.9,447.5,449.65,440.6,14290000,0.0084
2022-09-08,442.2,452.45,452.55,440.0,19340000,-0.008199999999999999
2022-09-07,445.85,453.2,456.5,443.65,20760000,-0.026000000000000002
2022-09-06,457.75,462.7,463.7,456.6,9810000,-0.0027
2022-09-05,459.0,459.75,463.95,457.0,9380000,-0.006
2022-09-02,461.75,470.85,471.8,460.15,10810000,-0.011000000000000001
2022-09-01,466.9,462.5,474.4,462.15,13390000,-0.0089
2022-08-30,471.1,458.65,472.4,457.1,14420000,0.0392
2022-08-29,453.35,451.0,456.9,450.15,11650000,-0.0252
2022-08-26,465.05,465.0,470.45,463.95,11250000,0.0127
2022-08-25,459.2,466.0,468.8,457.4,11260000,-0.0086
2022-08-24,463.2,459.0,464.9,457.7,12210000,0.006
2022-08-23,460.45,449.0,462.1,447.6,17780000,0.0129
2022-08-22,454.6,468.5,468.95,452.55,15050000,-0.0348
2022-08-19,471.0,486.75,488.1,468.1,16640000,-0.0285
2022-08-18,484.8,484.0,486.8,479.25,12070000,-0.0012
2022-08-17,485.4,490.9,494.4,484.2,15950000,-0.0091
2022-08-16,489.85,479.6,491.4,478.2,16800000,0.0258
2022-08-12,477.55,475.75,481.45,470.0,13480000,0.0019
2022-08-11,476.65,482.55,485.0,475.6,12780000,0.0023
2022-08-10,475.55,470.0,477.2,463.35,13360000,0.015600000000000001
2022-08-08,468.25,466.0,471.9,464.45,10560000,0.0064
2022-08-05,465.25,468.9,472.9,464.0,11920000,-0.0078000000000000005
2022-08-04,468.9,473.15,473.95,456.45,18540000,0.0024
2022-08-03,467.8,475.0,476.25,459.6,19130000,-0.0177
2022-08-02,476.25,478.9,479.9,469.25,19070000,-0.0062
2022-08-01,479.2,451.95,481.0,451.05,43080000,0.0658
2022-07-29,449.6,445.15,452.7,445.15,16000000,0.0166
2022-07-28,442.25,440.25,449.25,427.4,36380000,-0.0040999999999999995
2022-07-27,444.05,441.15,445.0,436.1,10080000,0.0066
2022-07-26,441.15,448.7,448.7,439.75,11560000,-0.0187
2022-07-25,449.55,456.0,457.6,446.3,12510000,-0.0118
2022-07-22,454.9,456.6,459.95,452.3,10340000,0.0001
2022-07-21,454.85,452.95,455.5,450.1,10930000,0.0031
2022-07-20,453.45,454.35,460.75,451.75,17150000,0.0098
2022-07-19,449.05,446.75,451.85,444.45,11550000,-0.0040999999999999995
2022-07-18,450.9,443.95,453.8,443.2,21190000,0.024300000000000002
2022-07-15,440.2,430.65,441.75,429.7,15770000,0.028399999999999998
2022-07-14,428.05,428.0,431.25,423.3,10740000,0.0022
2022-07-13,427.1,432.7,435.85,425.65,10180000,-0.008
2022-07-12,430.55,433.0,435.0,428.15,9520000,-0.0149
2022-07-11,437.05,438.05,441.2,433.45,12620000,-0.0102
2022-07-08,441.55,436.25,443.85,429.3,23730000,0.0248
2022-07-07,430.85,419.9,432.95,419.3,17620000,0.0348
2022-07-06,416.35,414.0,417.3,410.65,12200000,0.0106
2022-07-05,412.0,415.0,418.8,410.2,16770000,0.0087
2022-07-04,408.45,411.55,414.9,405.0,11530000,-0.0103
2022-07-01,412.7,410.65,414.6,402.3,14730000,0.0022
2022-06-30,411.8,418.3,424.0,410.0,20120000,-0.0124
2022-06-29,416.95,412.05,419.9,411.55,13100000,-0.0004
2022-06-28,417.1,411.3,418.2,409.15,13240000,0.0063
2022-06-27,414.5,417.55,419.45,412.35,12020000,0.0127
2022-06-24,409.3,410.0,412.85,406.15,14810000,0.0052
2022-06-23,407.2,396.3,409.9,394.55,26510000,0.0359
2022-06-22,393.1,396.4,397.0,390.5,12430000,-0.0113
2022-06-21,397.6,389.0,399.0,387.0,14740000,0.038900000000000004
2022-06-20,382.7,390.55,392.95,376.65,17050000,-0.0161
2022-06-17,388.95,387.95,394.45,382.65,24820000,-0.0102
2022-06-16,392.95,420.0,420.9,390.1,22260000,-0.051100000000000007
2022-06-15,414.1,410.0,416.4,407.45,15190000,0.022099999999999998
2022-06-14,405.15,403.0,411.85,397.7,19630000,-0.0038
2022-06-13,406.7,414.9,418.15,405.6,17440000,-0.0499
2022-06-10,428.05,423.0,428.85,422.0,11910000,-0.0011
2022-06-09,428.5,431.9,435.65,426.1,13040000,-0.016399999999999998
2022-06-08,435.65,438.7,440.4,432.0,12840000,-0.0005
2022-06-07,435.85,432.5,438.2,429.1,11150000,0.008100000000000001
2022-06-06,432.35,427.9,433.95,424.6,11900000,0.001
2022-06-03,431.9,444.9,445.05,430.5,12780000,-0.0165
2022-06-02,439.15,445.0,445.6,435.65,12740000,-0.0123
2022-06-01,444.6,445.1,446.0,439.6,11930000,0.0024
2022-05-31,443.55,443.95,449.5,440.4,22310000,0.0026
2022-05-30,442.4,437.0,445.2,436.0,18500000,0.0298
2022-05-27,429.6,426.05,433.25,425.2,16870000,0.0213
2022-05-26,420.65,422.0,422.65,405.0,17710000,0.0088
2022-05-25,417.0,428.45,429.0,413.45,13540000,-0.0206
2022-05-24,425.75,423.9,427.5,416.0,14530000,0.0102
2022-05-23,421.45,421.65,431.15,419.55,16350000,0.0083
2022-05-20,418.0,410.0,421.4,410.0,23500000,0.048499999999999995
2022-05-19,398.65,400.0,406.8,396.2,17710000,-0.0397
2022-05-18,415.15,424.0,427.35,414.05,20490000,-0.0212
2022-05-17,424.15,408.4,425.65,405.0,24650000,0.0464
2022-05-16,405.35,411.9,411.9,396.25,24940000,0.0026
2022-05-13,404.3,387.0,419.35,387.0,71430000,0.086
2022-05-12,372.3,382.0,384.65,366.2,33509999,-0.0408
2022-05-11,388.15,396.0,397.0,377.55,29220000,-0.0092
2022-05-10,391.75,400.0,408.5,389.6,16540000,-0.0302
2022-05-09,403.95,407.15,407.4,395.0,18080000,-0.0113
2022-05-06,408.55,418.85,420.2,407.0,25140000,-0.0416
2022-05-05,426.3,429.0,434.0,423.7,12240000,0.0066
2022-05-04,423.5,437.95,440.6,420.7,14930000,-0.0216
2022-05-02,432.85,437.95,442.95,428.5,18950000,-0.0109
2022-04-29,437.6,440.2,447.75,436.0,21990000,0.0036
2022-04-28,436.05,434.8,439.2,430.8,13880000,0.013500000000000002
2022-04-27,430.25,429.25,432.95,425.1,13700000,-0.010700000000000001
2022-04-26,434.9,433.9,437.45,431.6,13580000,0.0229
2022-04-25,425.15,432.75,436.0,423.15,14730000,-0.031200000000000002
2022-04-22,438.85,442.05,447.25,438.0,14360000,-0.020499999999999997
2022-04-21,448.05,444.5,449.35,441.05,14120000,0.017
2022-04-20,440.55,431.0,441.7,428.25,19640000,0.036699999999999997
2022-04-19,424.95,436.75,440.25,417.0,12670000,-0.0204
2022-04-18,433.8,430.0,436.35,423.65,15300000,0.0064
2022-04-13,431.05,441.8,442.85,430.1,16820000,-0.0165
2022-04-12,438.3,450.8,450.8,435.0,22700000,-0.0304
2022-04-11,452.05,457.0,458.9,451.0,14340000,0.0
2022-04-08,452.05,450.0,456.25,449.7,16320000,0.005699999999999999
2022-04-07,449.5,456.5,459.1,448.5,19950000,-0.0146
2022-04-06,456.15,455.9,462.7,452.6,24970000,-0.0040999999999999995
2022-04-05,458.05,450.0,461.9,448.3,28530000,0.0253
2022-04-04,446.75,444.4,449.5,441.3,18660000,0.0127
2022-04-01,441.15,434.0,442.25,430.85,19380000,0.0171
2022-03-31,433.75,436.0,438.3,432.6,14250000,-0.0044
2022-03-30,435.65,438.45,442.5,434.25,18150000,0.0045000000000000005
2022-03-29,433.7,436.0,439.35,431.4,18710000,0.0023
2022-03-28,432.7,432.0,434.95,426.5,16760000,0.0014000000000000002
2022-03-25,432.1,437.0,437.0,427.65,15100000,-0.0025
2022-03-24,433.2,430.0,435.4,427.55,17110000,-0.006
2022-03-23,435.8,443.5,447.0,434.6,25470000,-0.0103
2022-03-22,440.35,428.1,441.45,421.2,30440000,0.028999999999999998
2022-03-21,427.95,435.5,436.3,427.1,18270000,-0.013500000000000002
2022-03-17,433.8,432.0,435.7,429.55,26700000,0.0209
2022-03-16,424.9,427.05,428.55,420.7,27190000,0.027200000000000002
2022-03-15,413.65,409.85,424.2,408.0,47710000,0.004699999999999999
2022-03-14,411.7,418.75,419.0,404.0,40720000,-0.0154
2022-03-11,418.15,413.6,421.15,407.4,51510000,-0.0034999999999999996
2022-03-10,419.6,427.0,434.95,414.0,59780000,0.0338
2022-03-09,405.9,394.95,409.25,389.5,48380000,0.0361
2022-03-08,391.75,390.5,395.45,376.35,55540000,-0.005699999999999999
2022-03-07,394.0,401.75,401.75,387.5,44840000,-0.0557
2022-03-04,417.25,431.85,431.85,414.75,38770000,-0.0454
2022-03-03,437.1,458.5,458.5,435.0,29600000,-0.0235
2022-03-02,447.6,452.95,454.25,444.55,25790000,-0.014199999999999999
2022-02-28,454.05,445.0,457.35,440.45,34480000,-0.0124
2022-02-25,459.75,444.85,465.7,441.6,48880000,0.07429999999999999
2022-02-24,427.95,455.95,461.55,405.45,57270000,-0.10279999999999999
2022-02-23,477.0,481.75,485.4,475.3,17700000,-0.0026
2022-02-22,478.25,480.55,486.3,471.45,27960000,-0.032799999999999996
2022-02-21,494.45,490.15,500.4,486.1,22590000,0.0026
2022-02-18,493.15,498.0,502.65,491.5,15480000,-0.013600000000000001
2022-02-17,499.95,505.9,511.5,498.3,27940000,0.003
2022-02-16,498.45,504.0,507.9,496.6,20180000,-0.011000000000000001
2022-02-15,504.0,476.15,505.5,467.3,30620000,0.069
2022-02-14,471.45,487.0,488.5,468.8,22160000,-0.054900000000000004
2022-02-11,498.85,503.25,507.0,497.0,13530000,-0.0169
2022-02-10,507.45,506.7,510.5,504.2,14540000,0.0124
2022-02-09,501.25,496.5,503.7,494.7,12430000,0.0173
2022-02-08,492.75,498.0,498.5,479.15,23380000,-0.0037
2022-02-07,494.6,502.9,504.35,492.5,13390000,-0.012
2022-02-04,500.6,503.8,507.8,499.0,12660000,-0.0077
2022-02-03,504.5,509.1,514.3,502.85,15250000,-0.0038
2022-02-02,506.4,508.6,514.45,505.15,14310000,0.0042
2022-02-01,504.3,508.0,514.75,493.0,48030000,-0.026000000000000002
2022-01-31,517.75,505.0,520.0,498.2,27310000,0.041100000000000005
2022-01-28,497.3,500.5,509.35,495.3,21780000,0.0059
2022-01-27,494.4,480.75,502.7,476.6,26680000,0.0078000000000000005
2022-01-25,490.55,473.8,492.5,467.65,22570000,0.0253
2022-01-24,478.45,499.7,504.3,473.35,25230000,-0.0466
2022-01-21,501.85,510.4,513.85,494.25,17950000,-0.0269
2022-01-20,515.7,519.95,523.2,512.0,18360000,-0.009899999999999999
2022-01-19,520.85,510.0,522.2,504.8,21800000,0.0197
2022-01-18,510.8,527.9,528.5,507.15,19350000,-0.027000000000000003
2022-01-17,525.0,514.8,526.9,512.0,27940000,0.0296
2022-01-14,509.9,509.0,515.4,505.65,12660000,-0.004
2022-01-13,511.95,504.0,513.8,494.8,27570000,0.009300000000000001
2022-01-12,507.25,505.85,511.85,503.5,16260000,0.011899999999999999
2022-01-11,501.3,503.0,507.9,498.15,16270000,-0.0048
2022-01-10,503.7,493.1,504.9,491.3,25190000,0.026699999999999998
2022-01-07,490.6,490.05,495.5,483.75,15530000,0.0036
2022-01-06,488.85,481.5,492.95,477.1,16559999,-0.0018
2022-01-05,489.75,486.95,492.75,483.55,15420000,0.0003
2022-01-04,489.6,496.8,499.0,484.05,24100000,-0.0161
2022-01-03,497.6,493.5,500.85,492.0,32750000,0.0315
2021-12-31,482.4,472.7,483.6,471.85,15540000,0.0255
2021-12-30,470.4,472.55,476.4,468.6,11920000,-0.0118
2021-12-29,476.0,478.75,481.6,474.25,10260000,-0.0087
2021-12-28,480.2,475.2,482.8,472.65,22860000,0.0192
2021-12-27,471.15,465.7,472.45,460.1,12560000,0.0076
2021-12-24,467.6,474.9,474.9,460.0,15490000,-0.0101
2021-12-23,472.35,476.0,478.0,470.95,12120000,0.0039000000000000003
2021-12-22,470.5,458.15,472.15,458.15,22730000,0.0373
2021-12-21,453.6,452.1,460.9,449.85,18840000,0.0147
2021-12-20,447.05,459.9,460.0,440.0,33009999,-0.0492
2021-12-17,470.2,488.0,488.85,468.2,27340000,-0.044199999999999996
2021-12-16,491.95,495.0,496.5,487.4,13580000,0.0006
2021-12-15,491.65,487.8,497.7,487.25,16260000,0.0046
2021-12-14,489.4,491.95,491.95,483.3,17720000,-0.012
2021-12-13,495.35,499.45,506.4,494.2,21920000,0.0018
2021-12-10,494.45,487.75,496.8,486.55,14570000,0.001
2021-12-09,493.95,498.0,498.5,489.55,16950000,0.0001
2021-12-08,493.9,484.5,495.95,483.5,20580000,0.025099999999999997
2021-12-07,481.8,476.85,484.9,471.0,21280000,0.031200000000000002
2021-12-06,467.2,480.1,480.9,466.0,17470000,-0.0269
2021-12-03,480.1,480.0,484.7,477.3,20950000,0.0021
2021-12-02,479.1,479.4,480.45,471.7,21010000,0.008100000000000001
2021-12-01,475.25,467.85,478.4,463.55,28260000,0.0363
2021-11-30,458.6,466.55,478.0,455.65,35470000,-0.0062
2021-11-29,461.45,457.0,470.75,443.1,42820000,0.0027
2021-11-26,460.2,486.0,486.75,458.0,51790000,-0.0661
2021-11-25,492.75,490.8,495.15,486.5,15340000,0.0084
2021-11-24,488.65,499.0,501.8,485.3,20920000,-0.0138
2021-11-23,495.5,484.4,499.35,477.0,27550000,0.019299999999999998
2021-11-22,486.1,512.25,512.25,478.4,40040000,-0.0463
2021-11-18,509.7,531.45,534.2,501.3,47200000,-0.038599999999999995
2021-11-17,530.15,520.25,536.7,520.25,48460000,0.021400000000000002
2021-11-16,519.05,506.9,526.85,506.2,55900000,0.0269
2021-11-15,505.45,506.25,514.9,504.5,18020000,-0.0032
2021-11-12,507.05,506.95,509.55,497.35,20730000,0.0072
2021-11-11,503.45,510.0,519.0,501.0,29260000,-0.0143
2021-11-10,510.75,506.25,515.95,500.2,26620000,0.0022
2021-11-09,509.65,505.0,520.65,503.5,50460000,0.0165
2021-11-08,501.4,493.9,504.85,490.25,31740000,0.0239
2021-11-04,489.7,489.8,493.55,488.0,5530000,0.009899999999999999
2021-11-03,484.9,483.8,495.0,481.6,22950000,-0.006
2021-11-02,487.85,506.5,510.0,486.5,51580000,0.0044
2021-11-01,485.7,486.45,489.7,469.8,34320000,0.0040999999999999995
2021-10-29,483.7,482.0,491.6,467.7,31050000,0.0055000000000000005
2021-10-28,481.05,493.9,493.9,478.55,25180000,-0.0338
2021-10-27,497.9,505.75,506.55,496.0,30360000,-0.021099999999999997
2021-10-26,508.65,483.5,510.0,483.25,58030000,0.0599
2021-10-25,479.9,493.9,496.0,473.25,33110000,-0.022400000000000003
2021-10-22,490.9,509.9,510.7,487.4,42740000,-0.0337
2021-10-21,508.0,491.75,510.4,485.75,52610000,0.0433
2021-10-20,486.9,481.8,497.0,471.25,55440000,0.0104
2021-10-19,481.9,512.45,517.4,476.05,57430000,-0.054400000000000004
2021-10-18,509.6,507.0,525.0,503.6,72320000,0.0241
2021-10-14,497.6,530.0,530.0,492.0,103630000,-0.0183
2021-10-13,506.9,462.9,523.85,462.9,197950000,0.2045
2021-10-12,420.85,423.0,435.7,413.6,97350000,0.0123
2021-10-11,415.75,390.15,420.9,388.0,113410000,0.0857
2021-10-08,382.95,385.9,397.55,380.0,93730000,0.0171
2021-10-07,376.5,341.1,383.0,339.25,163240000,0.1204
2021-10-06,336.05,347.0,348.7,335.0,25270000,-0.0258
2021-10-05,344.95,340.45,351.5,338.85,31860000,0.0086
2021-10-04,342.0,336.8,343.25,335.15,29550000,0.026099999999999998
2021-10-01,333.3,332.65,337.3,325.7,29880000,-0.0002
2021-09-30,333.35,331.25,337.9,329.1,30270000,0.009399999999999999
2021-09-29,330.25,325.0,333.0,324.0,19740000,0.0029
2021-09-28,329.3,334.0,336.0,324.5,28500000,-0.0070999999999999995
2021-09-27,331.65,323.15,333.6,323.15,56310000,0.0431
2021-09-24,317.95,325.1,326.95,316.05,28900000,-0.011000000000000001
2021-09-23,321.5,313.2,324.0,313.2,52700000,0.0368
2021-09-22,310.1,303.15,313.8,303.0,29550000,0.027000000000000003
2021-09-21,301.95,298.6,302.7,293.1,19440000,0.01
2021-09-20,298.95,304.9,310.25,297.3,19630000,-0.0313
2021-09-17,308.6,312.0,315.35,306.0,24970000,-0.0098
2021-09-16,311.65,313.4,315.0,307.65,26250000,-0.001
2021-09-15,311.95,306.1,313.0,306.1,26810000,0.0191
2021-09-14,306.1,302.25,307.2,302.2,23230000,0.0163
2021-09-13,301.2,299.0,302.0,295.5,16340000,0.0075
2021-09-09,298.95,294.0,303.5,293.55,34020000,0.0125
2021-09-08,295.25,293.5,298.8,291.6,14920000,0.0022
2021-09-07,294.6,297.35,297.8,290.9,14330000,-0.0096
2021-09-06,297.45,297.5,298.95,296.0,16620000,0.0064
2021-09-03,295.55,292.5,296.45,292.0,16590000,0.008199999999999999
2021-09-02,293.15,295.25,296.3,291.7,14910000,-0.0070999999999999995
2021-09-01,295.25,289.0,297.4,287.3,33100000,0.0277
2021-08-31,287.3,291.75,291.95,286.1,36950000,-0.0159
2021-08-30,291.95,290.1,293.5,289.9,17220000,0.0217
2021-08-27,285.75,282.9,286.8,281.7,13480000,0.0051
2021-08-26,284.3,284.85,287.35,281.65,17860000,-0.0004
2021-08-25,284.4,282.8,289.2,282.45,31540000,0.016399999999999998
2021-08-24,279.8,278.5,281.5,268.45,37590000,0.0103
2021-08-23,276.95,287.2,288.3,275.0,24500000,-0.0217
2021-08-20,283.1,289.5,290.7,281.0,32580000,-0.0349
2021-08-18,293.35,296.9,297.75,292.6,18000000,-0.0146
2021-08-17,297.7,302.8,302.8,292.8,25540000,-0.019799999999999998
2021-08-16,303.7,305.95,307.85,303.05,14350000,-0.0116
2021-08-13,307.25,308.8,311.5,303.05,34920000,0.0040999999999999995
2021-08-12,306.0,297.3,307.4,297.3,33650000,0.035699999999999996
2021-08-11,295.45,295.3,297.8,286.45,20800000,0.0042
2021-08-10,294.2,297.9,300.2,291.0,15170000,-0.0131
2021-08-09,298.1,300.75,304.2,296.05,16990000,-0.006500000000000001
2021-08-06,300.05,300.05,303.4,297.65,16000000,0.0012
2021-08-05,299.7,295.5,300.9,292.75,20700000,0.0052
2021-08-04,298.15,304.75,306.45,297.2,26190000,-0.0183
2021-08-03,303.7,298.5,304.5,297.7,31060000,0.0231
2021-08-02,296.85,299.15,299.4,295.6,19270000,0.009899999999999999
2021-07-30,293.95,294.0,300.0,293.25,30590000,0.0036
2021-07-29,292.9,287.55,295.4,287.55,57730000,0.0297
2021-07-28,284.45,290.0,290.9,283.6,36140000,-0.0239
2021-07-27,291.4,293.0,297.65,288.6,55130000,-0.006
2021-07-26,293.15,295.0,297.0,291.0,27500000,-0.008100000000000001
2021-07-23,295.55,300.5,301.9,295.0,33439999,-0.0231
2021-07-22,302.55,305.5,307.45,301.05,21340000,0.0013
2021-07-20,302.15,307.0,308.0,301.05,27670000,-0.0217
2021-07-19,308.85,308.95,310.3,306.0,21350000,-0.0077
2021-07-16,311.25,311.1,315.45,310.5,25150000,0.0032
2021-07-15,310.25,310.5,312.85,307.6,23620000,0.0023
2021-07-14,309.55,310.0,313.3,308.65,21860000,-0.0045000000000000005
2021-07-13,310.95,310.0,312.25,308.15,25740000,0.011399999999999999
2021-07-12,307.45,310.8,312.0,306.1,32280000,0.0038
2021-07-09,306.3,305.8,308.85,301.85,48810000,-0.0002
2021-07-08,306.35,314.8,314.8,305.0,87360000,-0.0339
2021-07-07,317.1,316.0,319.1,306.25,112180000,0.0006
2021-07-06,316.9,348.0,358.2,311.5,164080000,-0.08439999999999999
2021-07-05,346.1,347.05,350.1,344.0,18400000,0.0034999999999999996
2021-07-02,344.9,345.3,345.55,340.5,18300000,0.0019
2021-07-01,344.25,341.5,347.4,341.2,27940000,0.0137
2021-06-30,339.6,342.0,345.35,338.85,18280000,-0.005699999999999999
2021-06-29,341.55,342.65,346.5,339.6,22460000,-0.0036
2021-06-28,342.8,340.8,345.0,337.55,17840000,0.009300000000000001
2021-06-25,339.65,335.9,342.8,335.9,22430000,0.0149
2021-06-24,334.65,335.0,337.4,333.35,15580000,-0.0018
2021-06-23,335.25,341.0,343.25,334.3,25740000,-0.0078000000000000005
2021-06-22,337.9,337.1,344.3,336.15,26710000,0.0108
2021-06-21,334.3,330.9,335.8,326.2,29120000,-0.0092
2021-06-18,337.4,345.65,346.9,329.0,49440000,-0.0239
2021-06-17,345.65,348.4,352.9,342.25,29240000,-0.0106
2021-06-16,349.35,350.1,356.0,348.1,27550000,-0.0095
2021-06-15,352.7,355.75,360.75,351.5,35530000,-0.0091
2021-06-14,355.95,350.05,357.9,341.1,38480000,0.0148
2021-06-11,350.75,346.0,352.9,344.35,36440000,0.0174
2021-06-10,344.75,345.2,347.85,342.4,24350000,0.0040999999999999995
2021-06-09,343.35,356.2,358.9,339.75,59330000,-0.026600000000000002
2021-06-08,352.75,346.25,356.65,337.5,44110000,0.021
2021-06-07,345.5,339.75,351.0,339.75,64989999,0.0315
2021-06-04,334.95,325.15,336.9,324.25,41280000,0.0286
2021-06-03,325.65,325.3,327.7,323.65,21410000,0.008199999999999999
2021-06-02,323.0,315.95,324.4,315.6,26320000,0.0154
2021-06-01,318.1,319.2,325.7,317.3,32600000,-0.002
2021-05-31,318.75,318.7,319.75,312.1,30920000,0.0
2021-05-28,318.75,322.65,324.5,316.5,26620000,0.0005
2021-05-27,318.6,317.05,323.45,316.55,49480000,0.0098
2021-05-26,315.5,316.1,320.0,314.8,28640000,0.0008
2021-05-25,315.25,315.55,319.0,313.85,37380000,0.0109
2021-05-24,311.85,314.75,315.8,310.2,31960000,-0.004
2021-05-21,313.1,312.0,315.7,309.5,40360000,0.0175
2021-05-20,307.7,316.0,316.6,306.1,54040000,-0.0215
2021-05-19,314.45,313.0,322.95,312.1,119410000,-0.0541
2021-05-18,332.45,325.95,336.65,324.0,86150000,0.0353
2021-05-17,321.1,315.4,323.85,311.4,51160000,0.028300000000000002
2021-05-14,312.25,329.35,329.5,310.0,81310000,-0.042199999999999994
2021-05-12,326.0,318.25,334.75,316.25,111580000,0.0331
2021-05-11,315.55,309.55,320.75,308.1,58470000,0.0022
2021-05-10,314.85,304.5,315.7,304.0,53260000,0.04
2021-05-07,302.75,303.0,305.95,300.5,41590000,0.005
2021-05-06,301.25,291.5,302.0,290.3,45030000,0.0334
2021-05-05,291.5,293.5,293.9,288.5,29350000,0.0070999999999999995
2021-05-04,289.45,296.35,299.75,288.05,38640000,-0.0121
2021-05-03,293.0,289.3,294.75,285.0,35380000,-0.0029
2021-04-30,293.85,298.2,301.3,292.55,36120000,-0.026699999999999998
2021-04-29,301.9,308.9,310.0,301.25,36650000,-0.0131
2021-04-28,305.9,303.5,309.5,303.0,44670000,0.0146
2021-04-27,301.5,295.7,302.5,295.1,35040000,0.0206
2021-04-26,295.4,297.0,299.0,294.6,30580000,0.0048
2021-04-23,294.0,291.0,300.0,290.5,58160000,-0.0019
2021-04-22,294.55,294.0,302.5,292.2,61020000,-0.011699999999999999
2021-04-20,298.05,307.7,308.15,294.2,56740000,-0.0111
2021-04-19,301.4,295.0,304.5,292.8,65790000,-0.0277
2021-04-16,310.0,302.0,315.0,300.15,75330000,0.021400000000000002
2021-04-15,303.5,303.0,307.55,296.5,75260000,0.0021
2021-04-13,302.85,287.25,304.55,280.55,116870000,0.056900000000000006
2021-04-12,286.55,307.85,307.85,282.9,105340000,-0.09949999999999999
2021-04-09,318.2,313.2,325.0,312.5,75460000,0.013500000000000002
2021-04-08,313.95,307.9,319.8,307.5,62460000,0.02
2021-04-07,307.8,306.75,310.65,305.1,39070000,0.0002
2021-04-06,307.75,306.15,313.8,304.8,63030000,0.0089
2021-04-05,305.05,306.8,311.7,297.2,66180000,-0.0088
2021-04-01,307.75,306.75,309.85,303.05,44090000,0.0197
2021-03-31,301.8,299.0,307.5,297.5,58570000,0.016
2021-03-30,297.05,300.5,301.3,292.7,45260000,0.0022
2021-03-26,296.4,290.5,301.4,290.5,80920000,0.038
2021-03-25,285.55,294.0,294.0,282.25,84530000,-0.0302
2021-03-24,294.45,303.55,305.0,293.2,61520000,-0.0421
2021-03-23,307.4,305.0,312.25,304.0,60240000,0.0144
2021-03-22,303.05,306.45,307.5,300.1,56390000,-0.0191
2021-03-19,308.95,303.5,311.0,290.2,109930000,0.0064
2021-03-18,307.0,311.0,316.6,299.75,73730000,0.0039000000000000003
2021-03-17,305.8,318.6,320.0,304.0,47260000,-0.044199999999999996
2021-03-16,319.95,321.0,321.9,315.1,39270000,0.0044
2021-03-15,318.55,320.0,320.4,310.05,45080000,0.0031
2021-03-12,317.55,325.05,326.5,314.15,48360000,-0.0121
2021-03-10,321.45,319.5,324.45,316.7,58640000,0.019799999999999998
2021-03-09,315.2,325.0,328.35,309.6,74700000,-0.018799999999999997
2021-03-08,321.25,331.75,331.75,318.8,81930000,-0.012
2021-03-05,325.15,333.0,337.85,319.7,86740000,-0.0414
2021-03-04,339.2,339.0,345.4,337.3,59860000,-0.026699999999999998
2021-03-03,348.5,348.65,357.0,346.5,92010000,0.008
2021-03-02,345.75,331.1,347.2,326.45,127710000,0.053200000000000004
2021-03-01,328.3,330.0,331.85,322.7,61190000,0.0166
2021-02-26,322.95,323.0,332.95,318.85,91900000,-0.030600000000000002
2021-02-25,333.15,325.35,334.7,323.25,64510000,0.0358
2021-02-24,321.65,325.0,330.0,316.5,50820000,-0.0073
2021-02-23,324.0,308.5,328.9,308.5,133310000,0.064
2021-02-22,304.5,312.45,313.9,302.15,57720000,-0.0236
2021-02-19,311.85,321.95,321.95,301.4,80270000,-0.0371
2021-02-18,323.85,331.5,331.75,321.1,49200000,-0.0191
2021-02-17,330.15,326.9,334.25,325.45,52150000,0.0029
2021-02-16,329.2,335.45,337.9,327.5,65940000,-0.0124
2021-02-15,333.35,329.9,335.8,324.0,78680000,0.024399999999999998
2021-02-12,325.4,326.4,330.5,321.25,64090000,0.0012
2021-02-11,325.0,326.45,331.35,323.4,55260000,-0.011899999999999999
2021-02-10,328.9,326.0,332.65,319.5,93470000,0.0118
2021-02-09,325.05,337.0,338.5,322.2,105980000,-0.032400000000000005
2021-02-08,335.95,318.75,339.25,318.0,102120000,0.0635
2021-02-05,315.9,327.6,330.0,312.6,103510000,-0.031400000000000004
2021-02-04,326.15,329.0,334.5,322.45,121030000,-0.0147
2021-02-03,331.0,339.2,341.9,326.2,224190000,0.027999999999999997
2021-02-02,322.0,293.6,328.85,290.4,251970000,0.1516
2021-02-01,279.6,269.75,282.0,255.35,165660000,0.0643
2021-01-29,262.7,273.0,278.8,260.6,138440000,-0.0154
2021-01-28,266.8,260.05,273.4,259.05,129160000,-0.0026
2021-01-27,267.5,274.9,275.0,265.7,126590000,-0.0417
2021-01-25,279.15,296.9,299.5,277.35,164350000,-0.0353
2021-01-22,289.35,295.95,306.9,278.35,316010000,-0.0043
2021-01-21,290.6,281.0,299.0,280.0,283610000,0.0571
2021-01-20,274.9,260.0,277.5,258.85,205150000,0.06280000000000001
2021-01-19,258.65,251.5,261.7,251.3,136860000,0.0516
2021-01-18,245.95,261.65,262.45,241.15,173380000,-0.055099999999999996
2021-01-15,260.3,246.0,264.65,242.6,250040000,0.062
2021-01-14,245.1,242.85,249.8,238.6,86820000,0.0103
2021-01-13,242.6,242.9,248.8,238.4,164650000,0.0202
2021-01-12,237.8,227.0,252.4,224.1,390580000,0.07769999999999999
2021-01-11,220.65,199.9,225.4,199.65,182480000,0.11359999999999999
2021-01-08,198.15,198.75,201.5,197.1,53990000,0.0070999999999999995
2021-01-07,196.75,197.0,200.35,195.1,66019999,0.0069
2021-01-06,195.4,194.45,197.6,190.65,75620000,0.011399999999999999
2021-01-05,193.2,187.1,193.9,185.05,75750000,0.009899999999999999
2021-01-04,191.3,191.8,193.0,188.75,63980000,0.025699999999999997
2021-01-01,186.5,184.95,187.0,184.5,27330000,0.0144
2020-12-31,183.85,184.85,187.5,182.8,48980000,-0.0016
2020-12-30,184.15,183.1,185.4,180.4,38580000,0.0038
2020-12-29,183.45,187.9,188.45,181.1,71320000,-0.015600000000000001
2020-12-28,186.35,179.85,187.4,179.0,98010000,0.0591
2020-12-24,175.95,172.0,178.0,172.0,73830000,0.039900000000000005
2020-12-23,169.2,165.0,169.7,163.4,56930000,0.0258
2020-12-22,164.95,164.55,169.2,156.7,110010000,0.0024
2020-12-21,164.55,176.0,177.55,162.5,75580000,-0.0886
2020-12-18,180.55,180.9,181.5,176.65,46070000,-0.0063
2020-12-17,181.7,184.0,184.0,180.65,34100000,-0.004699999999999999
2020-12-16,182.55,181.0,183.8,180.1,51260000,0.0204
2020-12-15,178.9,176.45,179.7,173.25,41190000,0.006999999999999999
2020-12-14,177.65,181.0,181.5,176.7,33189999,-0.0067
2020-12-11,178.85,177.95,181.45,176.5,43070000,0.006999999999999999
2020-12-10,177.6,182.7,182.7,176.4,38370000,-0.0279
2020-12-09,182.7,183.0,186.4,181.65,40300000,0.005
2020-12-08,181.8,184.95,185.7,178.95,42140000,-0.0095
2020-12-07,183.55,184.45,186.45,182.7,29800000,-0.0033
2020-12-04,184.15,186.5,188.8,182.2,48000000,-0.0038
2020-12-03,184.85,185.0,186.0,183.25,33330000,0.0068000000000000005
2020-12-02,183.6,184.0,187.35,181.1,88110000,0.021400000000000002
2020-12-01,179.75,182.35,182.4,178.1,48880000,-0.0033
2020-11-27,180.35,174.65,183.85,174.65,125930000,0.038
2020-11-26,173.75,171.6,175.0,171.05,39090000,0.0134
2020-11-25,171.45,175.0,176.8,169.25,54370000,-0.0034999999999999996
2020-11-24,172.05,171.85,175.5,171.1,47700000,0.0079
2020-11-23,170.7,169.5,173.9,165.55,54570000,0.0095
2020-11-20,169.1,170.05,171.55,165.55,66940000,0.0068000000000000005
2020-11-19,167.95,171.4,176.35,166.55,109450000,-0.032
2020-11-18,173.5,158.85,178.8,158.55,171800000,0.0981
2020-11-17,158.0,152.5,159.35,152.2,82640000,0.0796
2020-11-13,146.35,150.0,150.0,145.35,32570000,-0.0321
2020-11-12,151.2,150.95,153.85,150.0,56150000,0.0017000000000000001
2020-11-11,150.95,146.5,151.5,145.65,78580000,0.0339
2020-11-10,146.0,144.05,146.7,142.75,68790000,0.0355
2020-11-09,141.0,140.6,141.5,138.7,40280000,0.0144
2020-11-06,139.0,137.65,142.3,137.65,67970000,0.0098
2020-11-05,137.65,137.0,138.0,136.0,38930000,0.0129
2020-11-04,135.9,135.6,137.0,134.0,44680000,0.0134
2020-11-03,134.1,135.0,137.4,133.55,52070000,0.009399999999999999
2020-11-02,132.85,133.65,134.0,131.1,40390000,0.0015
2020-10-30,132.65,133.2,134.5,130.3,51130000,0.005699999999999999
2020-10-29,131.9,132.0,133.0,130.0,66629999,-0.0215
2020-10-28,134.8,139.0,143.25,133.5,152360000,-0.0063
2020-10-27,135.65,134.15,136.75,130.85,56860000,0.0146
2020-10-26,133.7,138.4,140.8,131.25,88530000,-0.0241
2020-10-23,137.0,134.9,138.9,134.1,68710000,0.0262
2020-10-22,133.5,129.7,134.6,128.45,48810000,0.025
2020-10-21,130.25,131.05,133.1,128.3,39250000,0.0046
2020-10-20,129.65,128.1,130.3,126.35,27470000,0.0109
2020-10-19,128.25,129.8,130.4,127.8,33159999,0.0039000000000000003
2020-10-16,127.75,129.4,130.05,126.0,62550000,0.0063
2020-10-15,126.95,131.5,134.35,126.5,64000000,-0.0287
2020-10-14,130.7,133.75,134.65,128.8,45790000,-0.0254
2020-10-13,134.1,135.4,137.1,132.85,38970000,-0.0132
2020-10-12,135.9,139.65,139.65,133.0,39280000,-0.0184
2020-10-09,138.45,141.15,142.65,138.0,37100000,-0.0177
2020-10-08,140.95,142.85,143.5,139.6,40940000,-0.0004
2020-10-07,141.0,144.25,144.5,139.8,68270000,-0.0259
2020-10-06,144.75,138.0,145.8,136.0,162050000,0.081
2020-10-05,133.9,136.95,137.5,132.05,55270000,0.003
2020-10-01,133.5,135.9,136.5,132.55,40490000,0.0015
2020-09-30,133.3,131.55,134.4,130.3,48860000,0.0121
2020-09-29,131.7,134.95,136.0,130.7,63370000,-0.0087
2020-09-28,132.85,128.9,134.3,127.5,61830000,0.044000000000000004
2020-09-25,127.25,123.7,128.35,123.1,65040000,0.0362
2020-09-24,122.8,127.9,128.8,122.15,62420000,-0.0654
2020-09-23,131.4,135.5,136.7,127.9,74980000,-0.0128
2020-09-22,133.1,138.0,138.15,129.65,87300000,-0.0316
2020-09-21,137.45,147.75,147.75,135.5,64739999,-0.0707
2020-09-18,147.9,148.7,150.5,146.25,46270000,0.0017000000000000001
2020-09-17,147.65,150.8,151.0,146.2,48120000,-0.025099999999999997
2020-09-16,151.45,149.2,154.3,148.55,85060000,0.0206
2020-09-15,148.4,149.4,149.4,146.55,42890000,-0.001
2020-09-14,148.55,147.2,151.1,145.5,84510000,0.029500000000000002
2020-09-11,144.3,143.1,146.8,141.65,65140000,0.006999999999999999
2020-09-10,143.3,142.8,144.5,138.0,79610000,0.022799999999999997
2020-09-09,140.1,141.0,141.75,135.7,105360000,-0.0155
2020-09-08,142.3,149.45,149.6,141.2,76300000,-0.0475
2020-09-07,149.4,150.0,152.0,148.0,82620000,0.0108
2020-09-04,147.8,147.9,153.65,147.0,95570000,-0.026699999999999998
2020-09-03,151.85,151.6,155.2,149.55,110160000,0.0103
2020-09-02,150.3,144.3,151.65,141.45,74950000,0.0452
2020-09-01,143.8,143.4,145.15,140.4,58810000,0.0042
2020-08-31,143.2,144.5,147.95,138.2,160560000,0.0028000000000000004
2020-08-28,142.8,144.15,146.2,140.5,95200000,-0.0101
2020-08-27,144.25,140.1,146.85,139.3,181380000,0.046
2020-08-26,137.9,130.5,139.0,128.35,197520000,0.085
2020-08-25,127.1,121.8,128.35,121.1,90270000,0.0487
2020-08-24,121.2,122.0,123.0,120.8,31300000,0.0025
2020-08-21,120.9,124.2,124.2,120.15,48650000,-0.0066
2020-08-20,121.7,123.45,125.65,121.1,43530000,-0.0276
2020-08-19,125.15,127.0,127.6,124.75,45130000,-0.0036
2020-08-18,125.6,124.0,127.5,123.6,62150000,0.0166
2020-08-17,123.55,124.5,126.25,120.6,61150000,-0.0084
2020-08-14,124.6,131.15,132.65,123.7,75030000,-0.0499
2020-08-13,131.15,126.1,131.9,124.4,95490000,0.0463
2020-08-12,125.35,121.0,126.4,120.6,50720000,0.024900000000000002
2020-08-11,122.3,125.0,125.8,121.4,50230000,-0.0125
2020-08-10,123.85,119.95,124.7,119.7,71100000,0.039900000000000005
2020-08-07,119.1,117.0,119.7,116.0,56490000,0.0197
2020-08-06,116.8,116.2,117.7,115.5,60090000,0.0121
2020-08-05,115.4,112.4,117.65,112.0,99370000,0.0354
2020-08-04,111.45,112.95,115.1,110.8,95910000,-0.014199999999999999
2020-08-03,113.05,103.0,114.4,102.9,194770000,0.0803
2020-07-31,104.65,104.0,105.4,102.3,33810000,0.0096
2020-07-30,103.65,106.4,106.75,102.85,33380000,-0.0199
2020-07-29,105.75,108.1,108.75,104.85,44560000,-0.0066
2020-07-28,106.45,102.3,107.2,102.0,64269999,0.0467
2020-07-27,101.7,104.0,104.5,101.3,29650000,-0.019799999999999998
2020-07-24,103.75,104.7,105.5,102.7,39370000,-0.0217
2020-07-23,106.05,105.45,106.45,104.7,30720000,0.0086
2020-07-22,105.15,108.5,109.75,104.25,50740000,-0.0304
2020-07-21,108.45,106.0,109.7,105.5,66010000,0.032400000000000005
2020-07-20,105.05,106.35,106.35,103.85,39790000,-0.0127
2020-07-17,106.4,103.65,106.95,103.3,42080000,0.0335
2020-07-16,102.95,103.95,103.95,100.6,44330000,-0.0024
2020-07-15,103.2,106.8,106.8,102.5,49690000,-0.018500000000000003
2020-07-14,105.15,106.9,107.55,104.1,46930000,-0.0264
2020-07-13,108.0,108.85,112.1,106.85,81900000,0.0037
2020-07-10,107.6,106.7,108.6,105.4,64690000,0.0060999999999999995
2020-07-09,106.95,106.3,108.95,104.65,54490000,0.0152
2020-07-08,105.35,109.5,110.85,104.2,55890000,-0.0339
2020-07-07,109.05,109.8,112.6,108.05,85840000,0.0005
2020-07-06,109.0,105.0,109.9,104.5,91970000,0.0536
2020-07-03,103.45,102.85,106.35,102.1,87310000,0.0187
2020-07-02,101.55,100.75,102.95,100.4,48090000,0.0079
2020-07-01,100.75,99.0,101.45,98.2,50870000,0.0254
2020-06-30,98.25,101.75,102.3,97.3,50770000,-0.0121
2020-06-29,99.45,101.4,101.4,98.05,43280000,-0.0192
2020-06-26,101.4,105.4,106.05,100.35,56330000,-0.0231
2020-06-25,103.8,103.85,106.3,101.65,63200000,-0.0095
2020-06-24,104.8,105.25,110.8,104.2,125460000,0.0038
2020-06-23,104.4,103.0,106.0,101.9,68640000,0.017
2020-06-22,102.65,102.35,104.9,101.0,68550000,0.0015
2020-06-19,102.5,96.5,103.9,95.6,135460000,0.0638
2020-06-18,96.35,95.0,97.2,94.15,58960000,0.01
2020-06-17,95.4,93.0,96.4,91.8,110830000,0.0069
2020-06-16,94.75,102.0,103.5,92.0,215480000,-0.0572
2020-06-15,100.5,104.65,104.65,100.05,69320000,-0.045599999999999995
2020-06-12,105.3,98.0,106.25,98.0,93000000,-0.008
2020-06-11,106.15,109.9,111.15,105.0,55490000,-0.0471
2020-06-10,111.4,111.0,113.0,108.5,84040000,-0.0004
2020-06-09,111.45,117.45,117.9,110.25,79470000,-0.0346
2020-06-08,115.45,114.0,119.15,113.35,136950000,0.0424
2020-06-05,110.75,100.45,112.45,99.05,187210000,0.1244
2020-06-04,98.5,99.0,101.4,96.8,72080000,-0.0025
2020-06-03,98.75,100.0,101.45,97.4,90600000,0.0233
2020-06-02,96.5,90.0,97.3,89.75,125410000,0.0776
2020-06-01,89.55,88.9,91.2,88.0,71080000,0.029300000000000003
2020-05-29,87.0,85.55,87.5,84.65,80820000,0.0
2020-05-28,87.0,86.0,88.15,84.55,96180000,0.028999999999999998
2020-05-27,84.55,84.1,86.0,84.0,57960000,0.0174
2020-05-26,83.1,83.9,85.7,82.6,38020000,0.0036
2020-05-22,82.8,83.4,83.9,82.0,29250000,-0.0155
2020-05-21,84.1,83.1,85.2,82.9,37290000,0.0078000000000000005
2020-05-20,83.45,81.25,84.4,80.7,36350000,0.0202
2020-05-19,81.8,82.5,85.65,81.5,65379999,0.0143
2020-05-18,80.65,84.5,84.5,79.6,44220000,-0.043899999999999995
2020-05-15,84.35,84.7,85.35,82.8,38590000,0.0066
2020-05-14,83.8,83.95,85.3,82.55,46340000,-0.039
2020-05-13,87.2,92.5,92.5,86.25,68090000,0.0116
2020-05-12,86.2,85.95,87.7,83.5,77550000,0.0012
2020-05-11,86.1,81.45,90.65,81.4,152590000,0.0623
2020-05-08,81.05,84.5,84.95,80.55,35360000,-0.0176
2020-05-07,82.5,82.9,84.65,82.1,31160000,-0.0084
2020-05-06,83.2,81.55,83.95,80.35,53740000,0.028399999999999998
2020-05-05,80.9,86.0,86.8,80.4,57120000,-0.0358
2020-05-04,83.9,87.0,87.2,81.5,91170000,-0.1003
2020-04-30,93.25,85.95,93.75,85.95,170650000,0.1932
2020-04-29,78.15,77.45,79.3,76.55,40790000,0.015600000000000001
2020-04-28,76.95,75.65,78.2,75.2,34830000,0.0226
2020-04-27,75.25,75.9,76.2,74.8,27840000,0.014199999999999999
2020-04-24,74.2,75.0,76.9,74.0,40050000,-0.0192
2020-04-23,75.65,76.75,78.65,75.4,50370000,-0.0033
2020-04-22,75.9,74.45,76.55,72.55,56530000,0.0167
2020-04-21,74.65,78.0,78.0,74.0,58250000,-0.0721
2020-04-20,80.45,76.85,83.4,75.5,125430000,0.046799999999999994
2020-04-17,76.85,78.3,78.3,74.7,58340000,0.029500000000000002
2020-04-16,74.65,71.75,75.4,71.0,47910000,0.024
2020-04-15,72.9,75.4,78.7,71.95,81130000,-0.0182
2020-04-13,74.25,76.0,77.6,72.7,70410000,-0.004699999999999999
2020-04-09,74.6,69.6,76.25,69.1,112680000,0.1036
2020-04-08,67.6,66.5,71.6,65.4,82180000,0.0052
2020-04-07,67.25,68.55,69.3,66.9,42070000,0.029900000000000003
2020-04-03,65.3,66.9,66.9,64.8,35350000,-0.039
2020-04-01,67.95,70.5,71.65,67.55,38170000,-0.0436
2020-03-31,71.05,70.6,71.5,68.2,46170000,0.0426
2020-03-30,68.15,68.8,70.0,67.25,35280000,-0.0361
2020-03-27,70.7,72.05,75.9,69.35,58820000,-0.0014000000000000002
2020-03-26,70.8,71.45,73.5,68.3,63820000,0.0078000000000000005
2020-03-25,70.25,67.75,71.7,67.25,57720000,0.0248
2020-03-24,68.55,69.9,71.5,63.5,49550000,0.0355
2020-03-23,66.2,70.0,72.0,66.0,34180000,-0.1436
2020-03-20,77.3,74.0,79.6,72.65,86040000,0.0596
2020-03-19,72.95,70.0,76.5,68.75,68120000,-0.0338
2020-03-18,75.5,79.9,80.45,75.1,70130000,-0.031400000000000004
2020-03-17,77.95,83.05,85.0,77.4,71850000,-0.0603
2020-03-16,82.95,85.6,87.65,82.2,73710000,-0.0758
2020-03-13,89.75,81.9,94.15,78.05,106150000,0.0199
2020-03-12,88.0,91.1,94.9,84.1,143550000,-0.11019999999999999
2020-03-11,98.9,104.85,106.5,97.8,111150000,-0.0643
2020-03-09,105.7,109.0,109.85,104.25,81550000,-0.07440000000000001
2020-03-06,114.2,115.0,117.3,112.8,83970000,-0.09179999999999999
2020-03-05,125.75,127.55,129.15,124.25,87800000,-0.0036
2020-03-04,126.2,129.6,129.6,120.55,97550000,-0.0318
2020-03-03,130.35,127.5,131.4,125.25,86770000,0.0395
2020-03-02,125.4,133.0,133.9,123.8,111590000,-0.0275
2020-02-28,128.95,138.85,139.6,127.05,94470000,-0.11220000000000001
2020-02-27,145.25,144.15,146.75,141.1,51330000,0.0048
2020-02-26,144.55,146.9,147.9,143.7,47610000,-0.035699999999999996
2020-02-25,149.9,152.2,153.4,147.45,52720000,-0.005
2020-02-24,150.65,154.0,155.9,149.6,39710000,-0.0495
2020-02-20,158.5,157.95,162.3,156.0,54330000,0.0028000000000000004
2020-02-19,158.05,162.85,164.6,153.05,78910000,-0.022000000000000002
2020-02-18,161.6,168.0,168.0,158.6,52740000,-0.0444
2020-02-17,169.1,170.4,171.35,166.35,32890000,0.0
2020-02-14,169.1,172.0,176.2,168.3,56680000,-0.0024
2020-02-13,169.5,171.35,172.35,168.1,25050000,-0.0085
2020-02-12,170.95,173.0,173.3,169.0,34620000,0.0070999999999999995
2020-02-11,169.75,171.85,175.15,168.4,42870000,0.005
2020-02-10,168.9,173.2,173.2,168.0,33280000,-0.0271
2020-02-07,173.6,177.4,178.15,173.0,45200000,-0.0294
2020-02-06,178.85,182.0,183.4,175.75,61820000,-0.026699999999999998
2020-02-05,183.75,167.4,184.95,166.6,92980000,0.10890000000000001
2020-02-04,165.7,166.55,168.6,161.2,49030000,0.0113
2020-02-03,163.85,163.5,168.3,159.55,66620000,-0.0106
2020-02-01,165.6,175.0,178.7,163.8,42520000,-0.0623
2020-01-31,176.6,186.3,188.35,175.95,75620000,-0.0516
2020-01-30,186.2,190.95,192.55,184.25,70900000,-0.0098
2020-01-29,188.05,178.8,188.9,178.55,61590000,0.0679
2020-01-28,176.1,183.9,184.3,174.9,38280000,-0.0335
2020-01-27,182.2,185.7,186.9,180.85,30130000,-0.0231
2020-01-24,186.5,188.0,191.0,185.0,21790000,-0.0101
2020-01-23,188.4,186.75,190.4,183.8,33030000,0.0151
2020-01-22,185.6,191.95,192.5,184.25,32950000,-0.030299999999999997
2020-01-21,191.4,195.5,196.4,190.2,20860000,-0.018500000000000003
2020-01-20,195.0,198.0,201.45,194.3,28980000,-0.011699999999999999
2020-01-17,197.3,197.25,199.45,195.7,18200000,-0.0013
2020-01-16,197.55,199.5,200.6,196.9,28120000,-0.013999999999999999
2020-01-15,200.35,195.0,201.7,194.0,38490000,0.023
2020-01-14,195.85,195.7,198.25,193.6,29870000,-0.002
2020-01-13,196.25,194.75,197.75,191.4,40540000,-0.0005
2020-01-10,196.35,192.0,199.0,190.0,60250000,0.0227
2020-01-09,192.0,184.85,192.75,184.25,40800000,0.0518
2020-01-08,182.55,180.2,184.2,180.2,21860000,-0.0116
2020-01-07,184.7,187.0,189.4,182.3,35000000,-0.0051
2020-01-06,185.65,191.0,191.0,185.05,28620000,-0.0285
2020-01-03,191.1,192.9,195.65,189.25,47570000,-0.0137
2020-01-02,193.75,185.0,194.7,184.6,57290000,0.0504
2020-01-01,184.45,185.15,186.7,183.6,25970000,-0.0038
2019-12-31,185.15,184.0,187.9,181.55,52870000,0.0079
2019-12-30,183.7,177.2,184.35,176.3,40950000,0.0429
2019-12-27,176.15,176.0,176.95,174.85,12100000,0.0089
2019-12-26,174.6,175.9,176.45,174.1,18790000,-0.0051
2019-12-24,175.5,177.65,178.0,174.65,20560000,-0.0031
2019-12-23,176.05,176.85,179.0,174.15,27190000,0.0006
2019-12-20,175.95,180.4,181.7,174.85,48820000,-0.0179
2019-12-19,179.15,174.65,180.2,174.0,53470000,0.024900000000000002
2019-12-18,174.8,182.1,184.5,170.45,63860000,-0.03
2019-12-17,180.2,176.0,181.15,175.35,38210000,0.03
2019-12-16,174.95,177.0,178.8,173.35,26250000,-0.009899999999999999
2019-12-13,176.7,177.25,183.95,175.5,93020000,0.019299999999999998
2019-12-12,173.35,163.45,174.9,162.5,66140000,0.07139999999999999
2019-12-11,161.8,160.4,163.0,157.4,21150000,0.0131
2019-12-10,159.7,162.15,163.25,159.05,26260000,-0.005
2019-12-09,160.5,162.0,166.45,159.75,30920000,-0.0062
2019-12-06,161.5,167.0,168.0,160.05,27730000,-0.0277
2019-12-05,166.1,170.35,172.2,165.2,31790000,-0.0195
2019-12-04,169.4,158.5,170.35,157.7,72080000,0.0708
2019-12-03,158.2,162.95,162.95,157.4,21160000,-0.0177
2019-12-02,161.05,160.95,163.0,158.95,19440000,-0.0028000000000000004
2019-11-29,161.5,164.8,167.75,160.6,20010000,-0.02
2019-11-28,164.8,165.75,166.3,163.55,16610000,-0.0066
2019-11-27,165.9,165.3,169.3,165.0,29530000,0.015300000000000001
2019-11-26,163.4,166.65,167.3,162.55,25520000,-0.0163
2019-11-25,166.1,160.7,166.6,159.9,26130000,0.0231
2019-11-22,162.35,164.9,165.25,160.55,21200000,-0.011000000000000001
2019-11-21,164.15,166.95,170.1,163.0,21610000,-0.0194
2019-11-20,167.4,167.75,170.2,166.2,19500000,-0.0021
2019-11-19,167.75,170.8,171.75,167.1,19600000,-0.0138
2019-11-18,170.1,172.1,172.1,169.25,19050000,0.0092
2019-11-15,168.55,169.0,173.4,167.35,29610000,0.009000000000000001
2019-11-14,167.05,170.2,170.3,165.5,25430000,-0.0208
2019-11-13,170.6,171.5,176.0,169.4,33930000,-0.008100000000000001
2019-11-11,172.0,169.2,172.95,169.05,22190000,0.0175
2019-11-08,169.05,170.75,178.9,167.8,39100000,-0.0143
2019-11-07,171.5,174.7,174.7,167.6,38630000,-0.0172
2019-11-06,174.5,172.0,176.35,170.5,28920000,0.014499999999999999
2019-11-05,172.0,173.25,175.75,169.95,36270000,-0.0012
2019-11-04,172.2,171.6,178.45,170.85,40640000,-0.0163
2019-11-01,175.05,175.2,178.0,172.4,40610000,-0.0149
2019-10-31,177.7,169.8,179.65,168.95,81390000,0.0337
2019-10-30,171.9,175.0,175.65,166.55,90760000,-0.0032
2019-10-29,172.45,151.9,175.5,151.2,184440000,0.16760000000000003
2019-10-27,147.7,147.7,147.7,147.7,0,0.16440000000000002
2019-10-25,126.85,132.0,133.0,125.7,42870000,-0.049800000000000004
2019-10-24,133.5,133.0,135.15,130.5,41950000,0.0064
2019-10-23,132.65,130.45,133.8,127.25,50290000,0.0068000000000000005
2019-10-22,131.75,133.35,135.6,129.8,53530000,-0.0373
2019-10-18,136.85,139.0,141.8,135.6,64879999,-0.019
2019-10-17,139.5,127.1,144.35,125.1,67930000,0.1085
2019-10-16,125.85,127.3,128.3,124.5,31520000,-0.0087
2019-10-15,126.95,127.1,128.9,123.7,57550000,-0.006999999999999999
2019-10-14,127.85,122.6,130.0,122.5,68050000,0.054000000000000006
2019-10-11,121.3,118.05,122.2,117.25,41030000,0.0385
2019-10-10,116.8,119.3,119.7,116.2,31230000,-0.0339
2019-10-09,120.9,118.5,121.7,115.45,44670000,0.028900000000000002
2019-10-07,117.5,120.25,120.55,116.35,35470000,-0.018000000000000002
2019-10-04,119.65,122.8,123.8,118.8,35710000,-0.0225
2019-10-03,122.4,112.65,123.5,112.65,65099999,0.0616
2019-10-01,115.3,118.0,119.85,113.0,40230000,-0.0183
2019-09-30,117.45,120.65,120.85,116.4,32159999,-0.0204
2019-09-27,119.9,122.0,122.45,118.2,45880000,-0.0369
2019-09-26,124.5,123.9,127.25,122.8,45870000,0.0118
2019-09-25,123.05,129.9,129.9,121.5,47570000,-0.06
2019-09-24,130.9,128.05,132.2,128.0,41660000,0.0235
2019-09-23,127.9,135.0,138.4,126.5,51030000,-0.04019999999999999
2019-09-20,133.25,125.0,137.75,122.6,89220000,0.0729
2019-09-19,124.2,123.5,125.35,121.2,51010000,0.020099999999999996
2019-09-18,121.75,123.05,125.9,120.5,53050000,-0.002
2019-09-17,122.0,129.0,130.5,121.35,47650000,-0.0513
2019-09-16,128.6,128.0,130.3,126.5,40950000,-0.0073
2019-09-13,129.55,129.2,130.95,125.5,69090000,0.0125
2019-09-12,127.95,134.6,135.35,126.7,72080000,-0.047599999999999996
2019-09-11,134.35,127.0,135.0,125.3,96570000,0.10210000000000001
2019-09-09,121.9,119.0,122.6,117.35,51300000,0.0054
2019-09-06,121.25,118.35,122.3,116.55,67760000,0.0271
2019-09-05,118.05,109.75,119.35,109.5,75790000,0.0781
2019-09-04,109.5,112.0,113.0,106.0,76320000,-0.027999999999999997
2019-09-03,112.65,113.05,115.35,111.2,36910000,-0.0347
2019-08-30,116.7,115.6,117.3,112.0,42250000,0.021
2019-08-29,114.3,116.5,118.5,112.1,48100000,-0.0176
2019-08-28,116.35,120.55,124.0,114.8,74250000,-0.0332
2019-08-27,120.35,112.7,121.4,111.8,70640000,0.0886
2019-08-26,110.55,114.55,115.4,106.8,47760000,-0.0045000000000000005
2019-08-23,111.05,108.9,111.6,107.65,41180000,0.0311
2019-08-22,107.7,112.0,114.0,106.2,58610000,-0.0418
2019-08-21,112.4,123.0,123.0,109.5,83510000,-0.0925
2019-08-20,123.85,120.0,124.8,119.0,34810000,0.0252
2019-08-19,120.8,121.2,122.6,120.0,23190000,-0.0045000000000000005
2019-08-16,121.35,119.9,122.45,117.35,35260000,0.0037
2019-08-14,120.9,122.7,123.8,118.6,30140000,-0.0086
2019-08-13,121.95,123.8,126.3,121.0,35500000,-0.0008
2019-08-09,122.05,124.5,126.5,120.7,39250000,-0.0161
2019-08-08,124.05,118.0,125.0,116.9,35880000,0.056600000000000004
2019-08-07,117.4,122.6,123.85,116.5,37290000,-0.0416
2019-08-06,122.5,123.05,126.55,121.75,34790000,-0.0101
2019-08-05,123.75,128.0,128.2,122.3,35450000,-0.053200000000000004
2019-08-02,130.7,128.5,133.2,127.0,44020000,0.0089
2019-08-01,129.55,135.5,136.3,127.55,38990000,-0.0446
2019-07-31,135.6,133.5,136.4,132.5,27020000,0.0161
2019-07-30,133.45,138.0,139.7,132.6,35730000,-0.0298
2019-07-29,137.55,146.9,146.9,136.85,38840000,-0.0652
2019-07-26,147.15,138.1,150.15,138.1,83910000,0.019799999999999998
2019-07-25,144.3,151.3,152.5,143.75,34360000,-0.046
2019-07-24,151.25,156.35,157.55,150.5,16290000,-0.0317
2019-07-23,156.2,157.4,159.0,154.8,12940000,-0.0034999999999999996
2019-07-22,156.75,155.45,159.3,155.25,16000000,0.0123
2019-07-19,154.85,161.45,162.4,153.85,18950000,-0.036699999999999997
2019-07-18,160.75,167.25,167.25,160.0,19060000,-0.0426
2019-07-17,167.9,170.0,172.35,166.3,25240000,-0.0124
2019-07-16,170.0,159.8,170.95,159.05,39030000,0.0562
2019-07-15,160.95,159.0,162.6,157.85,19920000,0.0104
2019-07-12,159.3,155.9,162.85,154.0,27310000,0.0159
2019-07-11,156.8,153.0,157.7,150.35,24100000,0.034
2019-07-10,151.65,156.25,156.25,149.1,31740000,-0.026600000000000002
2019-07-09,155.8,154.0,157.15,152.75,16110000,0.008100000000000001
2019-07-08,154.55,159.35,159.5,153.5,15150000,-0.0353
2019-07-05,160.2,165.15,166.95,159.5,14370000,-0.030299999999999997
2019-07-04,165.2,162.5,167.75,162.0,19510000,0.0179
2019-07-03,162.3,163.75,165.0,161.7,13610000,-0.0089
2019-07-02,163.75,166.8,167.35,161.35,16900000,-0.0253
2019-07-01,168.0,163.7,169.4,163.2,23990000,0.0335
2019-06-28,162.55,165.2,166.75,161.35,15090000,-0.0199
2019-06-27,165.85,161.85,168.0,161.1,26610000,0.029500000000000002
2019-06-26,161.1,160.1,162.2,158.75,18480000,0.0040999999999999995
2019-06-25,160.45,158.0,161.0,156.85,13370000,0.0072
2019-06-24,159.3,158.7,160.2,156.2,13190000,0.0025
2019-06-21,158.9,155.0,160.75,154.5,23300000,-0.0022
2019-06-20,159.25,153.45,160.0,152.15,19250000,0.0297
2019-06-19,154.65,160.0,163.75,152.5,25260000,-0.0231
2019-06-18,158.3,159.0,161.0,156.75,14000000,-0.0028000000000000004
2019-06-17,158.75,163.75,164.15,158.0,14380000,-0.0332
2019-06-14,164.2,167.5,167.5,163.5,10920000,-0.0191
2019-06-13,167.4,166.9,168.9,164.5,15140000,-0.0098
2019-06-12,169.05,170.9,172.2,168.1,12820000,-0.01
2019-06-11,170.75,166.85,171.9,165.65,20360000,0.0274
2019-06-10,166.2,170.9,172.05,163.55,20210000,-0.0195
2019-06-07,169.5,169.9,171.7,167.25,14470000,-0.0012
2019-06-06,169.7,174.05,175.85,168.85,16870000,-0.020499999999999997
2019-06-04,173.25,174.25,177.2,172.4,17430000,-0.0072
2019-06-03,174.5,170.5,175.0,168.4,21290000,0.011000000000000001
2019-05-31,172.6,177.8,177.85,170.0,21490000,-0.0146
2019-05-30,175.15,177.5,178.5,173.1,18080000,-0.0068000000000000005
2019-05-29,176.35,179.85,180.0,175.35,15220000,-0.0216
2019-05-28,180.25,181.35,185.3,179.8,23270000,-0.0060999999999999995
2019-05-27,181.35,181.75,183.5,179.3,14770000,-0.0052
2019-05-24,182.3,177.0,183.5,175.35,22490000,0.0408
2019-05-23,175.15,182.85,182.85,173.5,22910000,-0.022099999999999998
2019-05-22,179.1,177.6,180.4,174.8,25850000,0.013000000000000001
2019-05-21,176.8,185.25,186.9,174.05,57820000,-0.0702
2019-05-20,190.15,181.45,192.0,179.25,29870000,0.07519999999999999
2019-05-17,176.85,174.95,177.7,170.2,21580000,0.0083
2019-05-16,175.4,176.0,177.55,172.8,30310000,0.0351
2019-05-15,169.45,185.55,185.95,167.4,31430000,-0.0816
2019-05-14,184.5,178.25,186.05,177.8,21410000,0.0207
2019-05-13,180.75,186.2,187.15,179.6,15370000,-0.0277
2019-05-10,185.9,187.0,190.6,184.3,28910000,-0.0024
2019-05-09,186.35,184.3,189.8,182.3,32840000,0.0068000000000000005
2019-05-08,185.1,190.0,190.9,183.8,28440000,-0.030600000000000002
2019-05-07,190.95,201.7,202.85,189.35,30520000,-0.0443
2019-05-06,199.8,204.0,204.5,198.0,30120000,-0.0461
2019-05-03,209.45,205.0,213.65,203.05,37150000,0.0104
2019-05-02,207.3,211.0,212.65,206.5,21990000,-0.0327
2019-04-30,214.3,216.2,218.65,210.3,21290000,-0.006
2019-04-26,215.6,221.9,221.9,214.0,26040000,-0.0282
2019-04-25,221.85,223.4,225.9,220.25,27130000,-0.0078000000000000005
2019-04-24,223.6,231.65,232.95,217.6,50320000,-0.0348
2019-04-23,231.65,235.0,235.85,230.25,18980000,-0.013600000000000001
2019-04-22,234.85,235.0,239.35,231.7,30280000,-0.0059
2019-04-18,236.25,231.9,239.3,230.6,42450000,0.024900000000000002
2019-04-16,230.5,233.8,234.1,225.65,41650000,-0.0054
2019-04-15,231.75,217.15,233.25,217.15,57280000,0.0732
2019-04-12,215.95,218.95,219.0,215.0,21790000,-0.0103
2019-04-11,218.2,216.6,219.2,213.3,41860000,0.01
2019-04-10,216.05,206.0,217.4,205.6,69350000,0.0493
2019-04-09,205.9,200.0,207.6,198.15,29610000,0.026699999999999998
2019-04-08,200.55,206.0,207.4,198.8,23880000,-0.022400000000000003
2019-04-05,205.15,208.0,209.5,202.3,32060000,-0.0049
2019-04-04,206.15,201.85,206.9,201.05,41270000,0.023799999999999998
2019-04-03,201.35,205.0,208.95,199.2,81780000,-0.0079
2019-04-02,202.95,188.05,204.4,185.3,100830000,0.0833
2019-04-01,187.35,176.35,189.75,176.35,46390000,0.07519999999999999
2019-03-29,174.25,171.15,177.05,171.0,17780000,0.0217
2019-03-28,170.55,169.0,171.4,167.55,13200000,0.0040999999999999995
2019-03-27,169.85,174.0,175.0,169.15,10050000,-0.018799999999999997
2019-03-26,173.1,171.9,173.6,171.6,7820000,0.0105
2019-03-25,171.3,173.7,173.8,170.55,11860000,-0.023399999999999997
2019-03-22,175.4,181.95,182.0,174.9,11510000,-0.026600000000000002
2019-03-20,180.2,183.0,183.45,179.6,7540000,-0.014499999999999999
2019-03-19,182.85,182.0,184.5,180.75,10320000,0.0033
2019-03-18,182.25,181.0,184.7,179.5,14690000,0.0125
2019-03-15,180.0,180.2,181.4,177.6,17490000,0.0025
2019-03-14,179.55,181.5,182.45,177.65,15740000,-0.0118
2019-03-13,181.7,184.45,184.9,180.4,9770000,-0.0168
2019-03-12,184.8,184.4,186.0,183.55,18660000,0.016200000000000003
2019-03-11,181.85,182.0,184.6,181.05,25670000,0.0036
2019-03-08,181.2,187.8,187.95,180.0,28010000,-0.042800000000000005
2019-03-07,189.3,191.4,193.45,187.8,27050000,0.0026
2019-03-06,188.8,195.4,195.4,187.75,22470000,-0.0271
2019-03-05,194.05,183.8,198.35,181.4,58140000,0.07629999999999999
2019-03-01,180.3,178.65,184.0,177.35,20540000,0.0161
2019-02-28,177.45,180.0,181.55,176.6,18690000,0.0006
2019-02-27,177.35,183.55,186.1,176.1,19720000,-0.028999999999999998
2019-02-26,182.65,173.0,183.45,172.5,31860000,0.0393
2019-02-25,175.75,175.15,177.5,173.5,15550000,0.0083
2019-02-22,174.3,170.0,175.3,167.85,13010000,0.0271
2019-02-21,169.7,165.6,170.6,165.1,14810000,0.0297
2019-02-20,164.8,164.45,166.7,163.75,11610000,0.0064
2019-02-19,163.75,164.0,165.95,161.55,14530000,0.0052
2019-02-18,162.9,162.8,163.45,159.2,13500000,0.0077
2019-02-15,161.65,159.8,162.3,153.15,20710000,0.0113
2019-02-14,159.85,155.95,161.0,153.8,16350000,0.0313
2019-02-13,155.0,152.95,156.65,151.5,15340000,0.021099999999999997
2019-02-12,151.8,152.95,154.4,150.6,14170000,-0.005600000000000001
2019-02-11,152.65,150.15,153.25,145.85,26160000,0.0129
2019-02-08,150.7,164.6,164.6,129.0,102260000,-0.17579999999999998
2019-02-07,182.85,179.0,185.0,178.9,16149999,0.024399999999999998
2019-02-06,178.5,176.0,179.45,171.9,10330000,0.0154
2019-02-05,175.8,180.7,181.15,174.7,12060000,-0.024700000000000003
2019-02-04,180.25,181.0,183.7,178.2,11850000,-0.0077
2019-02-01,181.65,182.0,185.9,179.55,14930000,0.0025
2019-01-31,181.2,175.8,183.9,175.8,22280000,0.0378
2019-01-30,174.6,174.3,176.75,173.3,7760000,0.0058
2019-01-29,173.6,172.35,174.9,170.9,6140000,0.0075
2019-01-28,172.3,173.3,175.35,169.4,8170000,-0.0055000000000000005
2019-01-25,173.25,175.95,178.9,171.95,12140000,-0.0123
2019-01-24,175.4,180.0,180.3,173.7,13460000,-0.0269
2019-01-23,180.25,181.7,182.7,178.55,9780000,-0.0033
2019-01-22,180.85,181.5,181.5,175.95,9780000,-0.0036
2019-01-21,181.5,184.3,184.95,180.65,6920000,-0.0098
2019-01-18,183.3,185.65,185.65,181.3,6800000,-0.0087
2019-01-17,184.9,186.0,187.3,183.4,9370000,-0.003
2019-01-16,185.45,186.0,187.35,184.05,11870000,0.0005
2019-01-15,185.35,183.3,185.8,181.25,13540000,0.016200000000000003
2019-01-14,182.4,180.3,198.3,177.45,18940000,0.0116
2019-01-11,180.3,186.55,187.75,179.4,25900000,-0.029300000000000003
2019-01-10,185.75,183.65,186.85,183.55,16960000,0.0148
2019-01-09,183.05,181.5,183.6,180.2,17470000,0.0172
2019-01-08,179.95,176.1,180.5,176.1,20130000,0.0262
2019-01-07,175.35,173.2,178.2,173.2,21440000,0.025699999999999997
2019-01-04,170.95,169.0,171.95,168.5,17650000,0.029500000000000002
2019-01-03,166.05,169.0,170.15,165.1,9320000,-0.0148
2019-01-02,168.55,170.6,171.75,168.0,13410000,-0.028300000000000002
2019-01-01,173.45,173.5,174.2,171.3,6720000,0.0043
2018-12-31,172.7,172.45,173.9,171.75,8510000,0.0108
2018-12-28,170.85,169.4,172.2,169.15,8670000,0.0155
2018-12-27,168.25,172.75,173.4,167.7,15230000,-0.0155
2018-12-26,170.9,171.45,172.2,167.6,12040000,-0.009300000000000001
2018-12-24,172.5,176.25,177.85,171.5,11370000,-0.0213
2018-12-21,176.25,177.0,180.5,175.15,23740000,-0.0009
2018-12-20,176.4,173.0,177.3,171.75,15820000,0.0144
2018-12-19,173.9,176.5,176.5,172.5,11540000,-0.0049
2018-12-18,174.75,174.0,177.6,173.1,18020000,0.0046
2018-12-17,173.95,167.25,175.95,167.25,28530000,0.04190000000000001
2018-12-14,166.95,166.0,168.4,164.85,10090000,0.0006
2018-12-13,166.85,166.0,168.0,165.55,12240000,0.0168
2018-12-12,164.1,159.5,167.1,158.0,22460000,0.038
2018-12-11,158.1,155.0,159.5,154.65,12090000,0.0064
2018-12-10,157.1,159.9,160.5,156.5,13520000,-0.0326
2018-12-07,162.4,162.25,164.2,160.8,13550000,-0.0015
2018-12-06,162.65,168.5,168.7,161.6,15430000,-0.0387
2018-12-05,169.2,173.0,173.0,168.6,14960000,-0.0373
2018-12-04,175.75,177.95,178.75,175.3,11480000,0.0017000000000000001
2018-12-03,175.45,173.25,176.45,170.0,14070000,0.0204
2018-11-30,171.95,172.0,174.9,170.35,18390000,-0.029900000000000003
2018-11-29,177.25,175.95,179.35,173.45,20890000,0.0161
2018-11-28,174.45,181.0,181.35,174.0,12500000,-0.0311
2018-11-27,180.05,181.7,184.55,178.55,11640000,-0.009399999999999999
2018-11-26,181.75,183.9,184.45,177.0,9870000,-0.0044
2018-11-22,182.55,185.5,186.15,181.75,9140000,-0.0087
2018-11-21,184.15,184.4,186.75,183.75,8100000,0.0022
2018-11-20,183.75,184.05,188.3,183.2,13110000,-0.0046
2018-11-19,184.6,180.6,185.5,179.1,14520000,0.026099999999999998
2018-11-16,179.9,180.9,181.85,177.85,10020000,-0.0017000000000000001
2018-11-15,180.2,178.0,182.7,177.5,18740000,0.0192
2018-11-14,176.8,180.5,183.0,176.25,15800000,-0.015
2018-11-13,179.5,180.75,183.0,178.35,22190000,-0.0352
2018-11-12,186.05,194.45,194.45,185.2,20790000,-0.0471
2018-11-09,195.25,192.9,200.75,192.0,22340000,0.0021
2018-11-07,194.85,194.95,195.75,193.35,3930000,0.0083
2018-11-06,193.25,192.45,199.95,191.75,35340000,0.0182
2018-11-05,189.8,191.3,191.3,186.65,14820000,-0.0026
2018-11-02,190.3,180.95,191.85,180.9,29430000,0.0605
2018-11-01,179.45,182.0,186.05,178.2,28950000,0.002
2018-10-31,179.1,178.3,180.0,173.45,12580000,0.0104
2018-10-30,177.25,177.0,181.5,176.05,15600000,0.0108
2018-10-29,175.35,169.95,176.5,167.7,14170000,0.0407
2018-10-26,168.5,166.0,172.8,165.9,19580000,0.0191
2018-10-25,165.35,168.95,169.75,164.6,14880000,-0.0311
2018-10-24,170.65,173.9,175.0,169.0,15420000,0.0
2018-10-23,170.65,170.0,175.7,169.55,15590000,-0.0006
2018-10-22,170.75,176.4,176.85,170.05,11720000,-0.0226
2018-10-19,174.7,178.95,179.75,174.0,10470000,-0.0292
2018-10-17,179.95,187.6,187.8,179.1,12000000,-0.0317
2018-10-16,185.85,185.2,187.25,184.55,9700000,0.008100000000000001
2018-10-15,184.35,186.5,186.5,182.7,11660000,0.0033
2018-10-12,183.75,185.95,188.4,182.6,18010000,0.0044
2018-10-11,182.95,180.65,187.75,178.0,19320000,-0.030699999999999998
2018-10-10,188.75,186.0,190.95,185.05,35670000,0.0239
2018-10-09,184.35,205.7,206.0,170.3,142760000,-0.1319
2018-10-08,212.35,217.8,218.5,208.1,11850000,-0.018000000000000002
2018-10-05,216.25,222.75,226.45,214.75,10470000,-0.031400000000000004
2018-10-04,223.25,224.0,230.8,221.75,13900000,-0.0191
2018-10-03,227.6,230.0,232.8,225.8,9090000,-0.0076
2018-10-01,229.35,225.0,230.45,220.0,9740000,0.0253
2018-09-28,223.7,227.9,230.7,219.5,14200000,-0.0069
2018-09-27,225.25,234.8,236.55,223.1,17430000,-0.0347
2018-09-26,233.35,242.3,243.2,229.55,17810000,-0.030899999999999997
2018-09-25,240.8,241.0,243.5,235.45,9030000,0.0025
2018-09-24,240.2,250.2,251.0,239.35,8890000,-0.0405
2018-09-21,250.35,255.05,257.7,228.85,18550000,-0.0089
2018-09-19,252.6,253.55,255.0,251.0,7850000,0.0044
2018-09-18,251.5,257.75,259.8,250.6,11550000,-0.0336
2018-09-17,260.25,263.35,264.1,259.65,9460000,-0.023799999999999998
2018-09-14,266.6,265.0,269.6,263.4,10710000,0.016
2018-09-12,262.4,268.2,268.2,258.85,14460000,-0.0183
2018-09-11,267.3,277.25,278.85,265.7,13440000,-0.0305
2018-09-10,275.7,276.0,282.0,271.75,21320000,-0.0060999999999999995
2018-09-07,277.4,269.55,279.9,269.25,26190000,0.0276
2018-09-06,269.95,269.7,272.0,263.85,14740000,0.0129
2018-09-05,266.5,261.0,271.0,255.4,10080000,0.0174
2018-09-04,261.95,270.5,270.8,260.35,14780000,-0.0174
2018-09-03,266.6,271.4,273.0,265.25,14600000,-0.0034000000000000002
2018-08-31,267.5,259.1,268.25,258.1,12360000,0.031400000000000004
2018-08-30,259.35,262.3,263.0,259.0,6330000,-0.009000000000000001
2018-08-29,261.7,261.05,263.5,261.0,5120000,0.006500000000000001
2018-08-28,260.0,261.7,263.25,259.05,8510000,0.0046
2018-08-27,258.8,257.0,259.5,256.5,6130000,0.0129
2018-08-24,255.5,257.0,258.65,255.0,8700000,-0.0054
2018-08-23,256.9,269.2,269.2,256.0,18670000,-0.0443
2018-08-21,268.8,271.85,274.7,266.7,19510000,-0.0048
2018-08-20,270.1,261.85,271.85,259.2,25580000,0.045899999999999996
2018-08-17,258.25,253.7,260.1,253.0,16120000,0.0277
2018-08-16,251.3,245.8,252.8,245.25,14150000,0.01
2018-08-14,248.8,248.6,249.85,247.2,9170000,0.0004
2018-08-13,248.7,249.25,249.7,243.1,13880000,-0.005600000000000001
2018-08-10,250.1,257.25,258.65,249.55,14610000,-0.0301
2018-08-09,257.85,256.65,260.4,255.5,7780000,0.0106
2018-08-08,255.15,253.5,258.25,251.85,16129999,0.0141
2018-08-07,251.6,255.2,256.0,250.55,14490000,-0.0096
2018-08-06,254.05,259.95,261.8,252.5,11370000,-0.017
2018-08-03,258.45,262.15,263.85,257.6,9040000,-0.0092
2018-08-02,260.85,263.45,266.45,258.7,17420000,-0.0158
2018-08-01,265.05,250.0,268.0,250.0,53280000,0.0036
2018-07-31,264.1,268.95,270.45,262.2,10030000,-0.0127
2018-07-30,267.5,267.75,271.65,266.2,7800000,-0.0024
2018-07-27,268.15,259.1,269.7,258.55,15280000,0.0383
2018-07-26,258.25,260.1,263.0,257.5,8820000,0.0016
2018-07-25,257.85,260.0,261.7,256.1,6720000,-0.0037
2018-07-24,258.8,258.75,263.75,257.1,9910000,0.0002
2018-07-23,258.75,254.95,259.5,251.1,8890000,0.021099999999999997
2018-07-20,253.4,252.7,254.0,251.0,6420000,0.0036
2018-07-19,252.5,254.0,257.85,251.2,9560000,0.0026
2018-07-18,251.85,259.45,259.45,247.3,9350000,-0.0236
2018-07-17,257.95,253.0,259.0,252.3,6350000,0.0232
2018-07-16,252.1,260.5,260.8,250.5,11070000,-0.0436
2018-07-13,263.6,267.3,269.4,262.7,8350000,-0.009399999999999999
2018-07-12,266.1,269.6,272.0,265.5,8570000,-0.0063
2018-07-11,267.8,276.4,276.4,267.1,7360000,-0.0278
2018-07-10,275.45,274.9,276.9,272.9,6350000,0.0070999999999999995
2018-07-09,273.5,274.6,277.0,272.05,9390000,0.0098
2018-07-06,270.85,262.0,272.5,261.85,19220000,0.0356
2018-07-05,261.55,263.5,263.75,252.55,20820000,-0.0206
2018-07-04,267.05,270.0,271.5,265.65,7390000,-0.0089
2018-07-03,269.45,269.5,271.5,267.2,11480000,0.0103
2018-07-02,266.7,276.0,276.05,265.6,16500000,-0.0097
2018-06-29,269.3,265.45,270.5,262.65,14770000,0.0226
2018-06-28,263.35,272.0,272.65,261.85,19510000,-0.028399999999999998
2018-06-27,271.05,278.5,279.5,270.0,19080000,-0.021
2018-06-26,276.85,288.4,288.4,275.1,30730000,-0.0434
2018-06-25,289.4,306.3,306.3,287.6,16390000,-0.0604
2018-06-22,308.0,306.85,308.9,303.2,6030000,0.0033
2018-06-21,307.0,307.9,308.5,305.5,5090000,0.0046
2018-06-20,305.6,304.9,308.25,304.05,6610000,0.0018
2018-06-19,305.05,309.6,312.8,303.3,10500000,-0.0121
2018-06-18,308.8,302.9,311.0,302.1,8790000,0.019299999999999998
2018-06-15,302.95,305.75,307.65,300.55,8220000,-0.0096
2018-06-14,305.9,308.5,309.6,303.8,6530000,-0.008100000000000001
2018-06-13,308.4,309.2,311.25,307.0,7280000,0.0019
2018-06-12,307.8,310.95,313.65,307.2,7930000,-0.0063
2018-06-11,309.75,310.9,313.9,306.65,14650000,-0.0006
2018-06-08,309.95,305.7,315.55,302.4,27250000,0.0149
2018-06-07,305.4,296.3,306.9,295.25,22840000,0.033
2018-06-06,295.65,286.85,296.9,285.25,19750000,0.037599999999999995
2018-06-05,284.95,286.65,288.25,283.6,7460000,-0.0059
2018-06-04,286.65,292.5,293.85,286.0,10840000,-0.0019
2018-06-01,287.2,284.5,290.35,283.05,15840000,0.0166
2018-05-31,282.5,289.95,290.85,281.6,28770000,-0.0222
2018-05-30,288.9,289.95,292.25,286.15,11650000,-0.0195
2018-05-29,294.65,296.8,300.0,293.0,9820000,-0.005600000000000001
2018-05-28,296.3,293.75,299.9,290.3,8520000,0.0073
2018-05-25,294.15,290.4,297.45,286.25,19240000,0.0191
2018-05-24,288.65,300.0,307.65,284.1,46100000,-0.0672
2018-05-23,309.45,311.1,317.25,305.4,17700000,0.005699999999999999
2018-05-22,307.7,296.55,312.5,296.55,17200000,0.039900000000000005
2018-05-21,295.9,304.75,307.2,294.7,11550000,-0.0286
2018-05-18,304.6,314.75,315.0,303.5,11690000,-0.0327
2018-05-17,314.9,313.1,319.5,309.3,10210000,0.015
2018-05-16,310.25,309.95,315.75,306.7,12050000,0.0005
2018-05-15,310.1,324.0,324.05,305.7,15320000,-0.0417
2018-05-14,323.6,333.0,333.0,323.0,8310000,-0.0218
2018-05-11,330.8,334.0,334.0,330.0,7370000,-0.0084
2018-05-10,333.6,343.75,343.75,332.75,11160000,-0.024399999999999998
2018-05-09,341.95,331.0,347.25,331.0,19020000,0.029500000000000002
2018-05-08,332.15,336.3,336.6,330.25,8109999,-0.009000000000000001
2018-05-07,335.15,337.85,337.85,333.7,3890000,0.0022
2018-05-04,334.4,333.75,337.3,329.5,6660000,0.0027
2018-05-03,333.5,335.5,335.9,329.15,6870000,-0.0076
2018-05-02,336.05,349.2,351.65,335.0,16020000,-0.0128
2018-04-30,340.4,338.5,342.75,337.25,5940000,0.0104
2018-04-27,336.9,333.0,337.65,331.05,8800000,0.020099999999999996
2018-04-26,330.25,329.9,335.95,326.0,16649999,0.005
2018-04-25,328.6,330.8,334.0,327.75,6310000,-0.0089
2018-04-24,331.55,334.8,335.0,330.6,9210000,-0.0075
2018-04-23,334.05,335.95,339.5,333.0,8060000,-0.0058
2018-04-20,336.0,335.95,343.25,334.6,11910000,0.0052
2018-04-19,334.25,336.5,337.0,332.5,7090000,-0.0016
2018-04-18,334.8,338.2,339.75,333.4,6700000,-0.0049
2018-04-17,336.45,342.3,344.2,332.6,14240000,-0.008
2018-04-16,339.15,350.8,352.8,337.55,19160000,-0.0501
2018-04-13,357.05,357.9,361.0,354.4,5940000,-0.0038
2018-04-12,358.4,358.0,364.4,357.0,13150000,0.0073
2018-04-11,355.8,355.0,357.15,350.5,5620000,0.0072
2018-04-10,353.25,360.5,362.35,351.5,8199999,-0.0141
2018-04-09,358.3,361.9,368.6,357.0,9560000,-0.0159
2018-04-06,364.1,362.0,368.35,356.45,13300000,0.0052
2018-04-05,362.2,362.6,372.35,359.8,28890000,0.018600000000000002
2018-04-04,355.6,346.8,363.7,346.25,27160000,0.0364
2018-04-03,343.1,338.4,344.5,337.15,6990000,0.0116
2018-04-02,339.15,335.0,340.8,332.7,9870000,0.037599999999999995
2018-03-28,326.85,331.5,333.65,325.2,10980000,-0.013000000000000001
2018-03-27,331.15,333.95,335.8,330.1,6820000,-0.0036
2018-03-26,332.35,328.8,333.9,324.3,8910000,0.0045000000000000005
2018-03-23,330.85,330.0,334.8,329.6,8580000,-0.0217
2018-03-22,338.2,338.5,340.25,334.8,9260000,0.013000000000000001
2018-03-21,333.85,339.9,342.25,332.25,6810000,-0.0146
2018-03-20,338.8,335.5,340.4,333.55,5080000,0.0092
2018-03-19,335.7,341.2,342.1,332.55,9390000,-0.011899999999999999
2018-03-16,339.75,352.05,352.6,338.4,14210000,-0.0378
2018-03-15,353.1,354.05,358.4,351.1,4330000,-0.0027
2018-03-14,354.05,351.0,354.9,349.6,3820000,0.0025
2018-03-13,353.15,352.6,356.45,350.0,6180000,0.0016
2018-03-12,352.6,345.0,353.8,340.35,8240000,0.0325
2018-03-09,341.5,345.55,348.7,340.15,5520000,-0.0106
2018-03-08,345.15,350.8,351.9,341.05,7670000,-0.0076
2018-03-07,347.8,345.0,355.3,343.25,15600000,0.0038
2018-03-06,346.5,355.15,357.95,345.0,8880000,-0.0158
2018-03-05,352.05,368.75,368.75,350.1,14670000,-0.0504
2018-03-01,370.75,369.75,376.3,369.05,6990000,0.0023
2018-02-28,369.9,370.0,373.65,367.15,8010000,-0.0070999999999999995
2018-02-27,372.55,375.0,376.6,370.35,6160000,0.0013
2018-02-26,372.05,362.0,373.5,362.0,10580000,0.0329
2018-02-23,360.2,360.1,364.6,358.75,6750000,0.004699999999999999
2018-02-22,358.5,363.0,363.0,357.5,10870000,-0.0163
2018-02-21,364.45,372.5,372.5,362.85,8640000,-0.0131
2018-02-20,369.3,370.35,370.9,366.5,3970000,0.0015
2018-02-19,368.75,373.7,374.7,362.8,5660000,-0.0054
2018-02-16,370.75,378.0,379.4,367.6,8550000,-0.0134
2018-02-15,375.8,379.8,382.2,373.1,10230000,-0.0028000000000000004
2018-02-14,376.85,372.9,382.3,370.6,9620000,0.013600000000000001
2018-02-12,371.8,373.4,376.2,370.2,6000000,0.0083
2018-02-09,368.75,369.9,373.2,368.0,8820000,-0.0163
2018-02-08,374.85,379.9,380.0,372.2,12450000,-0.0078000000000000005
2018-02-07,377.8,380.4,385.4,375.2,12710000,0.0063
2018-02-06,375.45,363.0,379.85,356.5,25290000,-0.051399999999999994
2018-02-05,395.8,381.0,398.0,380.0,9880000,0.031400000000000004
2018-02-02,383.75,392.0,397.4,381.3,10070000,-0.025099999999999997
2018-02-01,393.65,399.9,403.8,390.55,7260000,-0.0146
2018-01-31,399.5,395.5,400.95,395.25,5110000,0.0092
2018-01-30,395.85,400.0,402.3,395.0,6960000,-0.0085
2018-01-29,399.25,402.5,405.9,398.1,5790000,-0.0026
2018-01-25,400.3,403.45,407.65,398.0,16309999,-0.008199999999999999
2018-01-24,403.6,416.0,416.25,402.65,10790000,-0.0344
2018-01-23,418.0,422.8,422.8,414.75,6190000,-0.0092
2018-01-22,421.9,419.05,424.4,418.45,4640000,0.0092
2018-01-19,418.05,415.2,421.95,415.05,3890000,-0.0021
2018-01-18,418.95,424.0,428.3,414.45,9580000,-0.0095
2018-01-17,422.95,422.05,424.5,410.1,10200000,0.0025
2018-01-16,421.9,433.0,435.2,419.5,5620000,-0.0242
2018-01-15,432.35,438.05,440.05,431.05,4040000,-0.0109
2018-01-12,437.1,437.0,441.45,432.1,7410000,0.0054
2018-01-11,434.75,433.5,437.6,432.9,4570000,0.0033
2018-01-10,433.3,438.0,439.3,431.3,4700000,-0.0097
2018-01-09,437.55,434.25,443.5,433.0,12630000,0.0092
2018-01-08,433.55,432.0,436.2,431.65,4640000,0.0045000000000000005
2018-01-05,431.6,431.25,436.35,429.8,7020000,0.0038
2018-01-04,429.95,430.0,433.3,425.75,8400000,-0.0091
2018-01-03,433.9,440.4,441.4,431.95,9790000,-0.0123
2018-01-02,439.3,428.85,440.85,422.0,15330000,0.035
2018-01-01,424.45,430.95,436.4,422.25,6810000,-0.0171
2017-12-29,431.85,418.0,433.45,417.15,8640000,0.0317
2017-12-28,418.6,423.5,423.7,416.0,5020000,-0.0091
2017-12-27,422.45,423.5,428.45,420.3,3670000,-0.0040999999999999995
2017-12-26,424.2,422.0,425.15,421.15,3700000,0.0052
2017-12-22,422.0,422.05,426.4,420.9,5350000,0.0029
2017-12-21,420.8,424.0,426.05,419.55,4890000,-0.0043
2017-12-20,422.6,421.95,427.75,419.25,11190000,0.006
2017-12-19,420.1,407.35,421.7,407.35,9690000,0.0352
2017-12-18,405.8,399.0,409.9,389.3,5360000,0.0017000000000000001
2017-12-15,405.1,406.5,409.0,404.2,5610000,0.0067
2017-12-14,402.4,404.0,404.55,398.2,4670000,0.0011
2017-12-13,401.95,407.0,409.85,400.0,5140000,-0.012
2017-12-12,406.85,411.55,415.5,405.95,6150000,-0.008
2017-12-11,410.15,412.0,415.2,409.05,5070000,-0.0024
2017-12-08,411.15,406.0,413.75,406.0,12290000,0.022799999999999997
2017-12-07,402.0,398.0,405.3,397.15,8000000,0.0125
2017-12-06,397.05,400.2,404.0,395.0,5570000,-0.0129
2017-12-05,402.25,404.55,405.5,396.55,7140000,-0.0034999999999999996
2017-12-04,403.65,405.8,411.25,401.7,10040000,0.011899999999999999
2017-12-01,398.9,407.9,410.25,396.5,7960000,-0.013000000000000001
2017-11-30,404.15,410.4,412.25,402.25,25650000,-0.023700000000000002
2017-11-29,413.95,415.9,419.45,412.05,4330000,-0.0048
2017-11-28,415.95,419.8,422.25,414.5,6220000,-0.0129
2017-11-27,421.4,423.0,424.75,417.8,7950000,-0.0096
2017-11-24,425.5,427.0,429.95,424.25,5110000,-0.0018
2017-11-23,426.25,428.6,431.05,422.45,7370000,-0.0055000000000000005
2017-11-22,428.6,425.45,433.0,424.5,7900000,0.0103
2017-11-21,424.25,424.45,430.0,422.5,6750000,0.003
2017-11-20,423.0,421.0,425.7,420.1,4050000,0.0028000000000000004
2017-11-17,421.8,419.45,423.45,417.0,6190000,0.0202
2017-11-16,413.45,411.35,415.9,411.35,6290000,0.011699999999999999
2017-11-15,408.65,414.3,417.55,407.0,9870000,-0.013600000000000001
2017-11-14,414.3,418.55,421.85,410.65,8990000,-0.0091
2017-11-13,418.1,423.0,427.5,416.1,9860000,-0.0105
2017-11-10,422.55,438.95,438.95,420.0,22530000,-0.04
2017-11-09,440.15,442.1,450.9,425.65,40550000,0.0044
2017-11-08,438.2,448.0,455.0,431.3,11190000,-0.0302
2017-11-07,451.85,458.2,465.9,450.05,13270000,-0.0239
2017-11-06,462.9,445.75,468.0,443.55,19460000,0.034
2017-11-03,447.7,434.0,449.35,432.65,8119999,0.0294
2017-11-02,434.9,435.7,440.4,429.9,8260000,-0.006500000000000001
2017-11-01,437.75,430.95,439.95,428.45,7310000,0.0218
2017-10-31,428.4,438.85,438.85,427.3,6210000,-0.0187
2017-10-30,436.55,428.25,440.95,428.25,7680000,0.0155
2017-10-27,429.9,422.05,434.35,422.05,7410000,0.025
2017-10-26,419.4,421.7,422.4,417.0,6210000,-0.006
2017-10-25,421.95,421.0,424.4,415.1,5670000,0.014199999999999999
2017-10-24,416.05,422.75,423.8,415.05,4540000,-0.0158
2017-10-23,422.75,429.1,430.85,421.0,4010000,-0.0098
2017-10-19,426.95,433.0,433.1,424.25,1310000,-0.0144
2017-10-18,433.2,432.25,437.3,426.6,5540000,0.0021
2017-10-17,432.3,435.75,435.75,430.2,5140000,-0.0109
2017-10-16,437.05,426.3,438.0,425.85,8480000,0.0288
2017-10-13,424.8,421.0,429.3,418.9,6970000,0.0111
2017-10-12,420.15,415.5,421.8,409.35,5440000,0.011200000000000002
2017-10-11,415.5,424.9,424.9,414.1,4320000,-0.0191
2017-10-10,423.6,425.6,428.9,421.4,5060000,-0.004699999999999999
2017-10-09,425.6,424.0,432.1,423.05,4410000,0.0018
2017-10-06,424.85,422.0,426.0,416.2,5310000,0.0037
2017-10-05,423.3,423.0,425.8,420.1,4610000,-0.0006
2017-10-04,423.55,417.55,426.0,412.7,7660000,0.0181
2017-10-03,416.0,428.0,428.0,415.0,9700000,0.0361
2017-09-29,401.5,401.4,405.0,397.4,7520000,0.0002
2017-09-28,401.4,406.95,406.95,399.0,4850000,-0.0086
2017-09-27,404.9,413.5,414.25,402.0,4730000,-0.0154
2017-09-26,411.25,409.4,413.9,403.3,5080000,0.0075
2017-09-25,408.2,413.65,415.3,404.6,6960000,-0.0087
2017-09-22,411.8,414.0,422.15,408.85,9780000,-0.0045000000000000005
2017-09-21,413.65,415.4,418.45,408.8,6950000,-0.0028000000000000004
2017-09-20,414.8,422.75,422.75,413.0,5180000,-0.0209
2017-09-19,423.65,415.0,427.7,414.0,28210000,0.0462
2017-09-18,404.95,411.85,413.0,403.2,8970000,0.008
2017-09-15,401.75,402.85,406.75,400.0,9680000,-0.0066
2017-09-14,404.4,390.75,406.6,390.25,11480000,0.0379
2017-09-13,389.65,391.0,393.95,387.2,6540000,0.0036
2017-09-12,388.25,378.7,390.0,375.5,9270000,0.0345
2017-09-11,375.3,380.0,380.0,374.2,5400000,0.0007000000000000001
2017-09-08,375.05,381.0,381.8,374.05,7470000,-0.008199999999999999
2017-09-07,378.15,383.7,384.4,376.0,7940000,-0.011899999999999999
2017-09-06,382.7,385.0,386.7,381.85,5950000,-0.013999999999999999
2017-09-05,388.15,385.7,389.5,383.4,4480000,0.0124
2017-09-04,383.4,393.0,396.05,380.5,8430000,-0.0191
2017-09-01,390.85,379.35,392.85,378.65,7380000,0.038
2017-08-31,376.55,380.05,380.45,375.8,4690000,-0.0052
2017-08-30,378.5,380.85,382.75,377.45,3730000,0.0064
2017-08-29,376.1,379.0,382.35,374.45,4690000,-0.0084
2017-08-28,379.3,385.85,387.4,378.3,4400000,-0.0126
2017-08-24,384.15,380.1,385.95,380.1,5210000,0.0111
2017-08-23,379.95,376.0,381.15,373.35,4450000,0.017
2017-08-22,373.6,378.8,379.95,372.25,4160000,-0.002
2017-08-21,374.35,382.0,382.55,371.3,5120000,-0.0159
2017-08-18,380.4,381.75,383.0,377.0,5860000,-0.0127
2017-08-17,385.3,392.45,392.45,384.5,5970000,-0.0101
2017-08-16,389.25,379.45,390.7,375.5,11020000,0.0369
2017-08-14,375.4,380.0,381.8,372.6,8220000,0.0024
2017-08-11,374.5,376.0,379.1,358.5,14700000,-0.015
2017-08-10,380.2,401.0,403.6,375.25,28110000,-0.0862
2017-08-09,416.05,428.8,429.9,415.0,10850000,-0.032400000000000005
2017-08-08,430.0,432.0,435.5,426.0,7130000,0.0
2017-08-07,430.0,438.6,439.8,425.3,6460000,-0.0129
2017-08-04,435.6,435.1,438.75,433.45,4170000,0.0096
2017-08-03,431.45,441.0,441.5,429.6,6200000,-0.0202
2017-08-02,440.35,449.5,449.95,438.15,4050000,-0.0147
2017-08-01,446.9,446.55,452.35,445.7,4010000,0.0052
2017-07-31,444.6,446.25,449.7,443.7,3800000,-0.0028000000000000004
2017-07-28,445.85,444.6,447.45,442.45,3370000,0.001
2017-07-27,445.4,459.0,460.95,440.3,13740000,-0.026000000000000002
2017-07-26,457.3,457.2,458.7,455.0,3640000,0.0026
2017-07-25,456.1,462.15,464.7,454.7,7050000,-0.017
2017-07-24,464.0,464.95,468.35,461.0,3770000,-0.0013
2017-07-21,464.6,460.0,465.9,457.6,3150000,0.0097
2017-07-20,460.15,463.5,464.35,457.35,3320000,-0.001
2017-07-19,460.6,453.0,462.9,453.0,3400000,0.0098
2017-07-18,456.15,452.6,459.5,452.6,2350000,0.0044
2017-07-17,454.15,455.0,458.35,453.25,4920000,0.0063
2017-07-14,451.3,460.0,460.0,450.4,3970000,-0.0169
2017-07-13,459.05,464.5,464.5,455.55,4380000,-0.0042
2017-07-12,461.0,461.0,463.8,456.6,6050000,0.0089
2017-07-11,456.95,452.0,462.3,451.0,12070000,0.022400000000000003
2017-07-10,446.95,460.0,460.0,442.55,1190000,0.0231
2017-07-07,436.85,434.45,441.45,432.25,5310000,-0.0006
2017-07-06,437.1,435.4,438.8,433.8,4040000,0.0124
2017-07-05,431.75,428.9,433.95,427.4,5050000,0.011399999999999999
2017-07-04,426.9,434.2,436.4,426.0,5020000,-0.0078000000000000005
2017-07-03,430.25,431.5,434.7,426.25,6230000,-0.0053
2017-06-30,432.55,433.9,435.6,428.05,4780000,-0.006999999999999999
2017-06-29,435.6,444.5,446.25,434.0,11090000,-0.015600000000000001
2017-06-28,442.5,443.9,446.8,440.15,4960000,0.0005
2017-06-27,442.3,443.8,444.5,434.4,5920000,-0.0019
2017-06-23,443.15,454.0,456.5,442.4,6750000,-0.021099999999999997
2017-06-22,452.7,458.85,463.0,451.6,5010000,-0.0101
2017-06-21,457.3,466.0,466.0,455.5,5440000,-0.0216
2017-06-20,467.4,457.0,470.75,456.0,12010000,0.0333
2017-06-19,452.35,453.8,456.4,450.5,3870000,-0.0075
2017-06-16,455.75,454.7,458.4,452.0,7040000,0.0166
2017-06-15,448.3,452.0,457.85,446.95,3880000,-0.008100000000000001
2017-06-14,451.95,450.8,453.4,447.05,3610000,0.0053
2017-06-13,449.55,457.15,458.75,448.0,3580000,-0.0147
2017-06-12,456.25,463.75,465.25,455.2,4340000,-0.0232
2017-06-09,467.1,459.95,468.0,455.0,4600000,0.0137
2017-06-08,460.8,459.5,463.45,457.35,4070000,0.0060999999999999995
2017-06-07,458.0,462.55,463.65,453.5,5250000,-0.006500000000000001
2017-06-06,461.0,482.9,484.35,457.6,8020000,-0.0359
2017-06-05,478.15,478.3,481.9,475.2,2460000,-0.0013
2017-06-02,478.75,480.0,485.95,477.7,4320000,0.0044
2017-06-01,476.65,476.95,479.7,473.55,3000000,0.0011
2017-05-31,476.15,482.3,483.0,474.8,5390000,-0.010700000000000001
2017-05-30,481.3,482.7,487.0,480.0,3100000,-0.0004
2017-05-29,481.5,482.5,485.0,471.8,4250000,0.0008
2017-05-26,481.1,474.1,488.25,473.5,7690000,0.010700000000000001
2017-05-25,476.0,470.0,479.0,464.7,15110000,0.0137
2017-05-24,469.55,470.0,473.35,458.1,27370000,0.042300000000000004
2017-05-23,450.5,451.45,456.45,444.3,10330000,0.0019
2017-05-22,449.65,446.0,452.75,442.6,6150000,0.014199999999999999
2017-05-19,443.35,439.0,444.95,434.6,4390000,0.0123
2017-05-18,437.95,442.0,448.7,436.0,6160000,-0.0248
2017-05-17,449.1,436.5,452.5,435.1,6570000,0.0271
2017-05-16,437.25,432.25,439.5,432.25,3450000,0.0124
2017-05-15,431.9,434.0,434.0,430.1,1890000,0.0024
2017-05-12,430.85,429.65,433.8,427.45,3850000,0.008
2017-05-11,427.45,434.0,434.5,425.4,4050000,-0.011200000000000002
2017-05-10,432.3,427.8,433.0,424.0,5380000,0.0129
2017-05-09,426.8,424.75,428.8,422.7,2830000,0.0098
2017-05-08,422.65,424.75,428.7,417.25,7430000,0.0073
2017-05-05,419.6,436.5,436.5,418.0,9490000,-0.0387
2017-05-04,436.5,446.65,448.1,435.15,6200000,-0.0226
2017-05-03,446.6,451.35,456.0,444.65,5160000,-0.0103
2017-05-02,451.25,456.6,457.2,448.55,6070000,-0.0167
2017-04-28,458.9,457.1,462.0,454.4,5130000,0.0078000000000000005
2017-04-27,455.35,455.0,460.9,452.7,10590000,0.0101
2017-04-26,450.8,446.0,454.4,445.5,8440000,0.0116
2017-04-25,445.65,445.85,447.75,443.3,5890000,0.0040999999999999995
2017-04-24,443.85,439.8,449.0,438.75,6210000,0.0074
2017-04-21,440.6,446.75,448.45,437.6,5330000,-0.0075
2017-04-20,443.95,447.85,447.85,442.1,3290000,0.002
2017-04-19,443.05,443.0,449.5,438.3,6320000,-0.0015
2017-04-18,443.7,452.0,455.75,442.5,4240000,-0.012199999999999999
2017-04-17,449.2,452.0,455.7,447.3,4910000,-0.0092
2017-04-13,453.35,461.85,463.35,451.2,5930000,-0.0241
2017-04-12,464.55,468.7,471.55,461.6,5990000,-0.0163
2017-04-11,472.25,477.9,478.35,471.1,4890000,-0.005600000000000001
2017-04-10,474.9,471.65,478.3,467.55,5440000,0.0141
2017-04-07,468.3,468.45,480.55,466.65,8090000,-0.0104
2017-04-06,473.2,474.3,478.5,470.6,6700000,-0.0006
2017-04-05,473.5,470.4,475.0,467.25,5290000,0.0066
2017-04-03,470.4,468.25,472.3,467.6,2950000,0.0098
2017-03-31,465.85,466.5,472.5,464.5,6400000,-0.0054
2017-03-30,468.4,463.5,469.8,462.85,9480000,-0.0014000000000000002
2017-03-29,469.05,474.9,475.0,463.6,6680000,-0.0070999999999999995
2017-03-28,472.4,467.5,473.0,467.5,2980000,0.0165
2017-03-27,464.75,469.0,469.15,462.1,4420000,-0.012
2017-03-24,470.4,470.75,474.8,467.55,4300000,-0.0053
2017-03-23,472.9,461.3,477.0,461.3,8670000,0.028300000000000002
2017-03-22,459.9,469.95,469.95,458.5,4700000,-0.0292
2017-03-21,473.75,478.0,478.05,470.65,4690000,-0.004699999999999999
2017-03-20,476.0,476.55,478.2,470.75,2870000,-0.001
2017-03-17,476.5,481.35,484.2,471.7,6340000,-0.009300000000000001
2017-03-16,480.95,478.7,482.0,476.15,6270000,0.0158
2017-03-15,473.45,475.0,476.55,470.65,4800000,0.0079
2017-03-14,469.75,481.0,483.0,468.45,6350000,0.0014000000000000002
2017-03-10,469.1,471.0,471.85,465.1,5770000,0.0032
2017-03-09,467.6,462.45,469.7,462.0,3840000,0.0104
2017-03-08,462.8,469.4,469.6,461.15,5350000,-0.0102
2017-03-07,467.55,469.5,475.9,466.05,7110000,-0.0069
2017-03-06,470.8,462.5,472.7,462.1,4040000,0.0236
2017-03-03,459.95,463.3,466.85,458.6,7090000,-0.0038
2017-03-02,461.7,457.85,467.9,453.2,13670000,0.0273
2017-03-01,449.45,455.9,455.9,448.0,8369999,-0.016
2017-02-28,456.75,460.0,460.0,454.1,5720000,-0.0023
2017-02-27,457.8,464.0,464.0,455.1,5510000,-0.0098
2017-02-23,462.35,464.0,464.7,457.25,9490000,0.005
2017-02-22,460.05,460.25,466.7,455.8,7320000,0.0031
2017-02-21,458.65,456.9,462.8,454.5,6880000,0.006999999999999999
2017-02-20,455.45,451.5,458.45,449.0,5870000,0.0055000000000000005
2017-02-17,452.95,447.9,456.6,442.4,10060000,0.015600000000000001
2017-02-16,446.0,442.55,447.6,435.4,11620000,0.0219
2017-02-15,436.45,449.05,453.0,434.35,38640000,-0.0946
2017-02-14,482.05,503.0,506.7,466.55,14900000,-0.046
2017-02-13,505.3,512.7,512.7,503.3,4700000,-0.0083
2017-02-10,509.55,513.0,514.8,506.5,4730000,-0.0064
2017-02-09,512.85,515.4,518.0,505.75,4099999,-0.0004
2017-02-08,513.05,512.35,514.95,506.3,5980000,0.0123
2017-02-07,506.8,524.8,524.8,502.0,7990000,-0.0362
2017-02-06,525.85,527.9,531.45,523.2,3640000,0.0062
2017-02-03,522.6,531.9,531.9,519.5,5300000,-0.0167
2017-02-02,531.5,537.6,537.6,526.8,6580000,-0.019799999999999998
2017-02-01,542.25,527.5,544.5,522.9,4790000,0.035699999999999996
2017-01-31,523.55,530.2,531.5,518.0,6040000,-0.016399999999999998
2017-01-30,532.3,542.0,543.5,530.8,4160000,-0.0178
2017-01-27,541.95,549.0,552.0,539.75,4490000,-0.0127
2017-01-25,548.9,543.25,551.9,541.55,4500000,0.013600000000000001
2017-01-24,541.55,533.0,543.0,532.35,5180000,0.0166
2017-01-23,532.7,523.2,534.95,523.0,4210000,0.0182
2017-01-20,523.2,527.4,529.3,521.25,5010000,-0.0155
2017-01-19,531.45,523.0,535.6,522.7,5810000,0.0172
2017-01-18,522.45,523.05,529.6,521.2,5870000,-0.0024
2017-01-17,523.7,528.1,530.8,521.0,4300000,-0.0051
2017-01-16,526.4,518.65,529.45,517.0,6080000,0.022400000000000003
2017-01-13,514.85,523.25,523.25,507.5,6370000,-0.0066
2017-01-12,518.25,521.7,524.0,513.2,4220000,-0.0019
2017-01-11,519.25,520.25,523.95,517.15,4890000,0.0058
2017-01-10,516.25,506.55,518.0,505.95,7970000,0.0322
2017-01-09,500.15,499.4,504.6,492.15,3930000,0.0048
2017-01-06,497.75,502.95,507.95,496.25,4910000,-0.0088
2017-01-05,502.15,496.0,503.4,495.55,7960000,0.0319
2017-01-04,486.65,484.65,493.7,484.1,4770000,0.0115
2017-01-03,481.1,491.0,492.7,479.9,5810000,-0.012199999999999999
2017-01-02,487.05,472.0,488.7,469.05,4019999,0.0319
2016-12-30,472.0,471.0,475.0,467.5,3610000,0.0023
2016-12-29,470.9,462.75,472.7,459.35,4760000,0.0163
2016-12-28,463.35,467.0,468.65,462.0,3770000,-0.0077
2016-12-27,466.95,460.0,468.75,457.4,3160000,0.0199
2016-12-26,457.85,465.5,465.5,455.6,3280000,-0.0168
2016-12-23,465.65,464.95,468.3,460.0,3960000,-0.0084
2016-12-22,469.6,468.15,472.95,464.8,5440000,0.0023
2016-12-21,468.5,473.5,474.5,467.1,3490000,-0.0098
2016-12-20,473.15,473.0,475.0,469.1,3690000,0.0029
2016-12-19,471.8,470.9,478.55,465.5,5450000,-0.0029
2016-12-16,473.15,465.0,474.9,464.2,9020000,0.0215
2016-12-15,463.2,464.0,473.6,462.5,6540000,-0.0194
2016-12-14,472.35,470.2,476.8,462.65,7660000,0.0036
2016-12-13,470.65,476.8,486.25,462.25,63880000,0.0358
2016-12-12,454.4,461.95,461.95,451.05,3840000,-0.0209
2016-12-09,464.1,464.95,468.55,460.6,5690000,0.0055000000000000005
2016-12-08,461.55,451.2,464.4,451.2,8180000,0.0364
2016-12-07,445.35,440.0,449.2,439.25,5560000,0.0096
2016-12-06,441.1,441.0,445.9,438.1,4210000,0.0040999999999999995
2016-12-05,439.3,436.0,441.0,428.3,8210000,0.0148
2016-12-02,432.9,445.0,453.5,431.15,10450000,-0.0341
2016-12-01,448.2,457.0,457.7,446.9,7710000,-0.0242
2016-11-30,459.3,460.0,463.8,455.1,8380000,-0.0012
2016-11-29,459.85,455.0,466.3,451.35,8570000,0.0113
2016-11-28,454.7,451.25,460.0,450.5,5030000,0.0052
2016-11-25,452.35,454.1,456.35,443.15,7430000,-0.0013
2016-11-24,452.95,466.35,466.35,449.7,8050000,-0.0393
2016-11-23,471.5,467.0,475.3,462.0,6730000,0.0143
2016-11-22,464.85,464.05,471.0,453.3,6640000,0.0173
2016-11-21,456.95,468.0,472.8,451.5,7330000,-0.030299999999999997
2016-11-18,471.25,469.9,473.85,461.85,7250000,-0.0034000000000000002
2016-11-17,472.85,460.0,476.0,459.65,8950000,0.031400000000000004
2016-11-16,458.45,468.45,471.7,450.0,10860000,0.0023
2016-11-15,457.4,484.9,484.9,453.0,15360000,-0.0984
2016-11-11,507.3,526.5,530.0,505.0,7820000,-0.0495
2016-11-10,533.7,536.0,549.35,531.5,6910000,0.0004
2016-11-09,533.5,501.15,544.0,500.0,10280000,-0.0124
2016-11-08,540.2,518.4,543.0,517.0,12740000,0.0669
2016-11-07,506.35,513.0,521.3,505.05,5510000,-0.0116
2016-11-04,512.3,509.25,516.35,501.6,7560000,0.0040999999999999995
2016-11-03,510.2,509.8,521.45,505.2,6910000,-0.006
2016-11-02,513.3,522.6,526.0,512.35,4750000,-0.0326
2016-11-01,530.6,534.4,537.9,525.05,6850000,-0.0025
2016-10-30,531.95,536.4,536.4,529.5,623000,-0.009399999999999999
2016-10-28,537.0,527.0,539.95,525.1,5670000,0.0287
2016-10-27,522.0,515.6,525.75,510.75,18470000,-0.0152
2016-10-26,530.05,548.0,548.0,523.15,6670000,-0.0429
2016-10-25,553.8,549.85,561.0,549.1,5690000,-0.010700000000000001
2016-10-24,559.8,544.0,564.0,543.55,5160000,0.0281
2016-10-21,544.5,549.0,550.0,541.5,2790000,-0.0043
2016-10-20,546.85,553.05,554.0,546.0,2770000,-0.0066
2016-10-19,550.5,552.05,554.9,545.05,4280000,-0.0068000000000000005
2016-10-18,554.25,549.2,556.0,549.2,3970000,0.012199999999999999
2016-10-17,547.55,557.85,557.85,545.9,3460000,-0.0154
2016-10-14,556.1,546.0,557.45,545.0,5870000,0.0206
2016-10-13,544.85,556.9,556.9,537.0,9510000,-0.030600000000000002
2016-10-10,562.05,571.1,571.1,560.9,3670000,-0.006500000000000001
2016-10-07,565.7,554.5,567.3,552.6,9120000,0.0258
2016-10-06,551.45,563.1,564.2,549.1,4270000,-0.0147
2016-10-05,559.65,555.3,562.4,549.75,5930000,0.0176
2016-10-04,549.95,547.4,552.4,540.65,5720000,0.0169
2016-10-03,540.8,539.4,546.0,539.0,4510000,0.0111
2016-09-30,534.85,525.6,536.55,521.2,5660000,0.016200000000000003
2016-09-29,526.3,543.0,546.9,516.65,9320000,-0.0254
2016-09-28,540.0,533.0,545.4,531.5,6600000,0.0151
2016-09-27,531.95,537.7,542.0,530.25,4910000,-0.0063
2016-09-26,535.3,549.95,549.95,533.75,6860000,-0.0321
2016-09-23,553.05,558.5,558.5,551.2,4840000,-0.0097
2016-09-22,558.45,561.2,562.95,551.35,6010000,0.0155
2016-09-21,549.9,548.6,556.4,544.0,5920000,0.0026
2016-09-20,548.45,555.0,556.3,545.5,6870000,-0.0108
2016-09-19,554.45,553.8,556.4,549.45,6980000,0.0105
2016-09-16,548.7,562.4,568.2,546.35,10930000,-0.0159
2016-09-15,557.55,562.0,566.25,555.4,5260000,-0.0053
2016-09-14,560.5,556.25,565.35,544.1,12360000,0.0127
2016-09-12,553.45,551.0,560.0,549.25,7060000,-0.0345
2016-09-09,573.25,580.0,582.95,571.7,7160000,-0.0187
2016-09-08,584.2,590.75,591.7,577.75,10460000,-0.0054
2016-09-07,587.4,590.0,598.4,584.0,13410000,-0.0022
2016-09-06,588.7,556.35,593.3,556.35,15810000,0.0707
2016-09-02,549.85,552.0,555.9,549.1,10100000,0.011399999999999999
2016-09-01,543.65,540.5,546.65,540.0,7570000,0.0111
2016-08-31,537.7,529.0,548.8,529.0,15730000,0.016399999999999998
2016-08-30,529.0,528.5,530.8,524.1,6610000,0.006999999999999999
2016-08-29,525.3,522.5,528.75,515.4,12530000,0.042800000000000005
2016-08-26,503.75,502.0,515.35,486.0,16350000,0.02
2016-08-25,493.85,498.35,503.3,491.3,8790000,-0.009000000000000001
2016-08-24,498.35,504.7,506.05,493.6,5190000,-0.011200000000000002
2016-08-23,504.0,505.25,508.6,500.45,5340000,0.0001
2016-08-22,503.95,509.1,513.6,503.1,4330000,-0.011899999999999999
2016-08-19,510.0,514.0,515.0,508.2,4570000,-0.004
2016-08-18,512.05,512.4,517.9,510.75,4990000,0.0032
2016-08-17,510.4,511.1,514.25,505.85,5850000,0.0055000000000000005
2016-08-16,507.6,512.95,515.0,503.3,6030000,-0.0178
2016-08-12,516.8,506.9,519.5,506.15,7170000,0.0269
2016-08-11,503.25,503.75,505.0,495.1,4110000,-0.0004
2016-08-10,503.45,515.6,516.5,502.3,6370000,-0.020099999999999996
2016-08-09,513.8,521.0,522.0,509.2,6020000,-0.0019
2016-08-08,514.8,518.2,522.6,513.4,4650000,-0.0031
2016-08-05,516.4,507.2,518.7,502.15,6390000,0.032799999999999996
2016-08-04,500.0,490.1,501.45,488.6,9480000,0.0452
2016-08-03,478.4,494.5,499.5,475.5,7930000,-0.0302
2016-08-02,493.3,510.0,511.2,491.15,5250000,-0.0294
2016-08-01,508.25,506.8,514.9,505.5,4750000,0.01
2016-07-29,503.2,507.8,510.5,501.1,3750000,-0.0072
2016-07-28,506.85,510.0,511.9,498.75,6340000,-0.0064
2016-07-27,510.1,507.75,513.05,505.5,5190000,0.013600000000000001
2016-07-26,503.25,506.05,513.35,502.1,6190000,-0.0113
2016-07-25,509.0,505.5,510.95,503.35,4640000,0.0034999999999999996
2016-07-22,507.2,494.45,508.45,493.5,5590000,0.0329
2016-07-21,491.05,498.45,500.0,489.7,3660000,-0.0058
2016-07-20,493.9,496.3,502.45,492.45,5700000,-0.010700000000000001
2016-07-19,499.25,493.9,503.5,493.45,7670000,0.0134
2016-07-18,492.65,495.0,505.0,490.0,7460000,-0.0027
2016-07-15,494.0,480.0,501.7,479.65,8890000,0.0163
2016-07-14,486.1,480.1,489.3,478.95,5980000,0.0104
2016-07-13,481.1,485.95,488.1,477.95,5860000,-0.0066
2016-07-12,484.3,486.0,488.65,481.1,6770000,-0.0006
2016-07-11,484.6,472.1,486.8,472.1,10480000,0.0392
2016-07-08,466.3,464.3,468.2,462.65,9260000,0.0245
2016-07-07,455.15,460.95,465.45,454.1,6580000,-0.0125
2016-07-05,460.9,468.5,469.0,459.5,4930000,-0.0183
2016-07-04,469.5,467.0,474.85,467.0,8410000,0.0253
2016-07-01,457.9,463.6,464.75,454.7,7030000,-0.0029
2016-06-30,459.25,454.3,462.25,451.55,13210000,0.0268
2016-06-29,447.25,447.1,449.8,445.4,6290000,0.015600000000000001
2016-06-28,440.4,448.0,448.0,433.0,10190000,-0.019
2016-06-27,448.95,451.8,457.25,443.6,12450000,-0.001
2016-06-24,449.4,439.2,453.75,421.25,41000000,-0.079
2016-06-23,487.95,476.1,489.9,476.1,9630000,0.0323
2016-06-22,472.7,483.05,484.8,468.05,7660000,-0.0252
2016-06-21,484.9,484.0,486.2,477.6,8910000,0.0059
2016-06-20,482.05,464.75,484.2,460.25,9260000,0.038
2016-06-17,464.4,461.0,465.75,457.3,7840000,0.022099999999999998
2016-06-16,454.35,449.7,455.5,446.05,7260000,0.005
2016-06-15,452.1,449.9,453.0,447.25,5700000,0.0083
2016-06-14,448.4,446.9,453.85,441.15,9620000,0.009300000000000001
2016-06-13,444.25,451.0,451.4,436.7,9510000,-0.0278
2016-06-10,456.95,466.75,466.75,454.5,7040000,-0.0218
2016-06-09,467.15,469.45,470.25,465.0,8530000,0.0021
2016-06-08,466.15,465.5,468.8,463.2,10470000,0.0067
2016-06-07,463.05,466.45,466.45,459.0,12570000,0.0055000000000000005
2016-06-06,460.5,457.8,465.0,450.2,9360000,0.0144
2016-06-03,453.95,458.05,461.8,452.5,11670000,0.0011
2016-06-02,453.45,444.1,460.5,444.1,13670000,0.0095
2016-06-01,449.2,455.75,458.3,445.0,10390000,-0.0227
2016-05-31,459.65,456.0,464.9,445.0,110740000,0.09119999999999999
2016-05-30,421.25,404.8,423.6,401.3,15770000,0.043
2016-05-27,403.9,400.0,405.0,396.0,9040000,0.0116
2016-05-26,399.25,400.5,402.0,396.75,8470000,0.005699999999999999
2016-05-25,397.0,394.0,399.95,394.0,8900000,0.0203
2016-05-24,389.1,383.8,391.75,382.65,10570000,0.019299999999999998
2016-05-23,381.75,388.55,389.95,380.1,8150000,-0.006999999999999999
2016-05-20,384.45,386.7,392.7,383.5,6540000,-0.0063
2016-05-19,386.9,386.25,393.3,381.95,10990000,0.0053
2016-05-18,384.85,383.5,387.35,381.6,8590000,-0.0124
2016-05-17,389.7,392.6,395.0,386.6,9430000,-0.0076
2016-05-16,392.7,393.8,396.7,389.0,8250000,0.0070999999999999995
2016-05-13,389.95,391.25,394.0,385.5,14030000,0.0075
2016-05-12,387.05,379.0,388.6,379.0,6510000,0.019
2016-05-11,379.85,384.8,391.95,376.1,11600000,-0.023399999999999997
2016-05-10,388.95,400.8,400.8,387.15,9170000,-0.035699999999999996
2016-05-09,403.35,400.35,405.2,395.15,8700000,0.011699999999999999
2016-05-06,398.7,388.6,400.9,384.5,9950000,0.019299999999999998
2016-05-05,391.15,384.0,396.05,383.15,9600000,0.0245
2016-05-04,381.8,405.5,405.5,380.1,12070000,-0.068
2016-05-03,409.65,410.9,422.0,407.8,9620000,0.0048
2016-05-02,407.7,407.95,410.45,402.5,4179999,-0.0016
2016-04-29,408.35,410.0,413.7,403.05,6250000,-0.0073
2016-04-28,411.35,418.8,420.95,409.7,7550000,-0.0172
2016-04-27,418.55,418.95,425.25,414.65,6230000,-0.0012
2016-04-26,419.05,408.65,423.65,405.05,7000000,0.0166
2016-04-25,412.2,417.6,417.6,410.0,3270000,-0.0115
2016-04-22,417.0,412.1,420.5,408.0,6000000,0.0134
2016-04-21,411.5,408.7,417.2,406.0,9210000,0.0183
2016-04-20,404.1,407.0,410.35,400.65,7590000,-0.008
2016-04-18,407.35,407.65,409.9,402.5,5570000,-0.0034000000000000002
2016-04-13,408.75,400.0,411.75,398.15,12370000,0.0327
2016-04-12,395.8,387.95,397.4,387.15,7700000,0.023700000000000002
2016-04-11,386.65,373.95,387.8,373.9,6830000,0.0409
2016-04-08,371.45,375.5,380.05,370.5,4860000,-0.01
2016-04-07,375.2,375.95,384.8,370.3,8720000,-0.004
2016-04-06,376.7,373.7,382.4,372.05,7320000,0.0167
2016-04-05,370.5,386.0,386.0,369.0,6060000,-0.0461
2016-04-04,388.4,385.95,391.0,382.4,6010000,0.023
2016-04-01,379.65,386.4,386.4,377.7,5680000,-0.018000000000000002
2016-03-31,386.6,387.9,393.6,380.5,10740000,-0.0051
2016-03-30,388.6,380.5,391.5,376.8,10300000,0.0434
2016-03-29,372.45,364.0,378.95,363.05,9360000,0.0252
2016-03-28,363.3,375.5,375.5,361.5,8060000,-0.0363
2016-03-23,377.0,378.0,379.45,374.05,5770000,-0.0005
2016-03-22,377.2,376.95,381.5,370.4,8910000,0.0067
2016-03-21,374.7,367.25,375.5,365.75,9330000,0.0236
